<additional>
	<e1Detector file="/dev/null" freq="60" friendlyPos="x" id="e1det_-141844775_0" lane="-141844775_0" length="1" pos="75.95"/>
	<e1Detector file="/dev/null" freq="60" friendlyPos="x" id="e1det_201272993#5_0" lane="201272993#5_0" length="1" pos="28.74"/>
	<e1Detector file="/dev/null" freq="60" friendlyPos="x" id="e1det_201272993#5_1" lane="201272993#5_1" length="1" pos="28.74"/>
	<e1Detector file="/dev/null" freq="60" friendlyPos="x" id="e1det_89756026#8_0" lane="89756026#8_0" length="1" pos="57.17"/>
	<e1Detector file="/dev/null" freq="60" friendlyPos="x" id="e1det_89756026#8_1" lane="89756026#8_1" length="1" pos="57.17"/>
	<e1Detector file="/dev/null" freq="60" friendlyPos="x" id="e1det_-148007427#1_0" lane="-148007427#1_0" length="1" pos="113.38"/>
	<e1Detector file="/dev/null" freq="60" friendlyPos="x" id="e1det_-148007427#1_1" lane="-148007427#1_1" length="1" pos="113.38"/>
	<e1Detector file="/dev/null" freq="60" friendlyPos="x" id="e1det_148007427#0_0" lane="148007427#0_0" length="1" pos="89.57"/>
	<e1Detector file="/dev/null" freq="60" friendlyPos="x" id="e1det_148007427#0_1" lane="148007427#0_1" length="1" pos="89.57"/>
	<e1Detector file="/dev/null" freq="60" friendlyPos="x" id="e1det_161486227#1_0" lane="161486227#1_0" length="1" pos="81.52"/>
	<e1Detector file="/dev/null" freq="60" friendlyPos="x" id="e1det_161486227#1_1" lane="161486227#1_1" length="1" pos="81.52"/>
	<e1Detector file="/dev/null" freq="60" friendlyPos="x" id="e1det_-148007427#2_0" lane="-148007427#2_0" length="1" pos="109.97"/>
	<e1Detector file="/dev/null" freq="60" friendlyPos="x" id="e1det_-148007427#2_1" lane="-148007427#2_1" length="1" pos="109.97"/>
	<e1Detector file="/dev/null" freq="60" friendlyPos="x" id="e1det_148005416#4_0" lane="148005416#4_0" length="1" pos="59.78"/>
	<e1Detector file="/dev/null" freq="60" friendlyPos="x" id="e1det_148005416#4_1" lane="148005416#4_1" length="1" pos="59.78"/>
	<e1Detector file="/dev/null" freq="60" friendlyPos="x" id="e1det_148007427#1_0" lane="148007427#1_0" length="1" pos="113.38"/>
	<e1Detector file="/dev/null" freq="60" friendlyPos="x" id="e1det_148007427#1_1" lane="148007427#1_1" length="1" pos="113.38"/>
	<e1Detector file="/dev/null" freq="60" friendlyPos="x" id="e1det_-148394065#1_0" lane="-148394065#1_0" length="-4.3" pos="0"/>
	<e1Detector file="/dev/null" freq="60" friendlyPos="x" id="e1det_148394065#0_0" lane="148394065#0_0" length="1" pos="9.16"/>
	<e1Detector file="/dev/null" freq="60" friendlyPos="x" id="e1det_151380683#3_0" lane="151380683#3_0" length="1" pos="12.91"/>
	<e1Detector file="/dev/null" freq="60" friendlyPos="x" id="e1det_151380683#3_1" lane="151380683#3_1" length="1" pos="12.91"/>
	<e1Detector file="/dev/null" freq="60" friendlyPos="x" id="e1det_161486226#2_0" lane="161486226#2_0" length="-1.54" pos="0"/>
	<e1Detector file="/dev/null" freq="60" friendlyPos="x" id="e1det_90941257#4_0" lane="90941257#4_0" length="1" pos="61.49"/>
	<e1Detector file="/dev/null" freq="60" friendlyPos="x" id="e1det_-156672358#4_0" lane="-156672358#4_0" length="1" pos="57.48"/>
	<e1Detector file="/dev/null" freq="60" friendlyPos="x" id="e1det_156672358#3_0" lane="156672358#3_0" length="1" pos="97.1"/>
	<e1Detector file="/dev/null" freq="60" friendlyPos="x" id="e1det_200662752_0" lane="200662752_0" length="1" pos="37.5"/>
	<e1Detector file="/dev/null" freq="60" friendlyPos="x" id="e1det_200662752_1" lane="200662752_1" length="1" pos="37.5"/>
	<e1Detector file="/dev/null" freq="60" friendlyPos="x" id="e1det_-91312497#1_0" lane="-91312497#1_0" length="-4.69" pos="0"/>
	<e1Detector file="/dev/null" freq="60" friendlyPos="x" id="e1det_141880681#1_0" lane="141880681#1_0" length="1" pos="75.73"/>
	<e1Detector file="/dev/null" freq="60" friendlyPos="x" id="e1det_141880681#1_1" lane="141880681#1_1" length="1" pos="75.73"/>
	<e1Detector file="/dev/null" freq="60" friendlyPos="x" id="e1det_141880681#1_2" lane="141880681#1_2" length="1" pos="75.73"/>
	<e1Detector file="/dev/null" freq="60" friendlyPos="x" id="e1det_151380683#17_0" lane="151380683#17_0" length="1" pos="73.4"/>
	<e1Detector file="/dev/null" freq="60" friendlyPos="x" id="e1det_151380683#17_1" lane="151380683#17_1" length="1" pos="73.4"/>
	<e1Detector file="/dev/null" freq="60" friendlyPos="x" id="e1det_91312497#0_0" lane="91312497#0_0" length="1" pos="20.86"/>
	<e1Detector file="/dev/null" freq="60" friendlyPos="x" id="e1det_141844770#1_0" lane="141844770#1_0" length="1" pos="55.12"/>
	<e1Detector file="/dev/null" freq="60" friendlyPos="x" id="e1det_141844770#1_1" lane="141844770#1_1" length="1" pos="55.12"/>
	<e1Detector file="/dev/null" freq="60" friendlyPos="x" id="e1det_141844770#1_3" lane="141844770#1_3" length="1" pos="55.12"/>
	<e1Detector file="/dev/null" freq="60" friendlyPos="x" id="e1det_201272993#4_0" lane="201272993#4_0" length="1" pos="61.5"/>
	<e1Detector file="/dev/null" freq="60" friendlyPos="x" id="e1det_201272993#4_1" lane="201272993#4_1" length="1" pos="61.5"/>
	<e1Detector file="/dev/null" freq="60" friendlyPos="x" id="e1det_141844776#0_0" lane="141844776#0_0" length="1" pos="68.17"/>
	<e1Detector file="/dev/null" freq="60" friendlyPos="x" id="e1det_141844776#0_1" lane="141844776#0_1" length="1" pos="68.17"/>
	<e1Detector file="/dev/null" freq="60" friendlyPos="x" id="e1det_201272993#2_0" lane="201272993#2_0" length="1" pos="73.76"/>
	<e1Detector file="/dev/null" freq="60" friendlyPos="x" id="e1det_201272993#2_1" lane="201272993#2_1" length="1" pos="73.76"/>
	<e1Detector file="/dev/null" freq="60" friendlyPos="x" id="e1det_89760165#4_0" lane="89760165#4_0" length="1" pos="54.96"/>
	<e1Detector file="/dev/null" freq="60" friendlyPos="x" id="e1det_141844777#2_0" lane="141844777#2_0" length="1" pos="89.4"/>
	<e1Detector file="/dev/null" freq="60" friendlyPos="x" id="e1det_89905636#4_1" lane="89905636#4_1" length="1" pos="72.54"/>
	<e1Detector file="/dev/null" freq="60" friendlyPos="x" id="e1det_89905636#4_2" lane="89905636#4_2" length="1" pos="72.54"/>
	<e1Detector file="/dev/null" freq="60" friendlyPos="x" id="e1det_141844777#5_0" lane="141844777#5_0" length="1" pos="88.61"/>
	<e1Detector file="/dev/null" freq="60" friendlyPos="x" id="e1det_141844777#5_1" lane="141844777#5_1" length="1" pos="88.61"/>
	<e1Detector file="/dev/null" freq="60" friendlyPos="x" id="e1det_161487673#9_0" lane="161487673#9_0" length="1" pos="73.75"/>
	<e1Detector file="/dev/null" freq="60" friendlyPos="x" id="e1det_161487673#9_1" lane="161487673#9_1" length="1" pos="73.75"/>
	<e1Detector file="/dev/null" freq="60" friendlyPos="x" id="e1det_141844793#14_0" lane="141844793#14_0" length="1" pos="62.05"/>
	<e1Detector file="/dev/null" freq="60" friendlyPos="x" id="e1det_141844793#14_1" lane="141844793#14_1" length="1" pos="62.05"/>
	<e1Detector file="/dev/null" freq="60" friendlyPos="x" id="e1det_141880681#10_0" lane="141880681#10_0" length="1" pos="16.49"/>
	<e1Detector file="/dev/null" freq="60" friendlyPos="x" id="e1det_141880681#10_1" lane="141880681#10_1" length="1" pos="16.49"/>
	<e1Detector file="/dev/null" freq="60" friendlyPos="x" id="e1det_151380683#27_0" lane="151380683#27_0" length="1" pos="23.2"/>
	<e1Detector file="/dev/null" freq="60" friendlyPos="x" id="e1det_151380683#27_1" lane="151380683#27_1" length="1" pos="23.2"/>
	<e1Detector file="/dev/null" freq="60" friendlyPos="x" id="e1det_141844793#6_0" lane="141844793#6_0" length="1" pos="23.48"/>
	<e1Detector file="/dev/null" freq="60" friendlyPos="x" id="e1det_141844793#6_1" lane="141844793#6_1" length="1" pos="23.48"/>
	<e1Detector file="/dev/null" freq="60" friendlyPos="x" id="e1det_141844793#8_0" lane="141844793#8_0" length="1" pos="99.77"/>
	<e1Detector file="/dev/null" freq="60" friendlyPos="x" id="e1det_141844793#8_1" lane="141844793#8_1" length="1" pos="99.77"/>
	<e1Detector file="/dev/null" freq="60" friendlyPos="x" id="e1det_89756026#6_0" lane="89756026#6_0" length="1" pos="58.0"/>
	<e1Detector file="/dev/null" freq="60" friendlyPos="x" id="e1det_89756026#6_1" lane="89756026#6_1" length="1" pos="58.0"/>
	<e1Detector file="/dev/null" freq="60" friendlyPos="x" id="e1det_141880671#1_0" lane="141880671#1_0" length="1" pos="2.69"/>
	<e1Detector file="/dev/null" freq="60" friendlyPos="x" id="e1det_151375678#0_0" lane="151375678#0_0" length="1" pos="53.24"/>
	<e1Detector file="/dev/null" freq="60" friendlyPos="x" id="e1det_151375678#0_1" lane="151375678#0_1" length="1" pos="53.24"/>
	<e1Detector file="/dev/null" freq="60" friendlyPos="x" id="e1det_141880681#3_0" lane="141880681#3_0" length="1" pos="139.25"/>
	<e1Detector file="/dev/null" freq="60" friendlyPos="x" id="e1det_141880681#3_1" lane="141880681#3_1" length="1" pos="139.25"/>
	<e1Detector file="/dev/null" freq="60" friendlyPos="x" id="e1det_151380683#21_0" lane="151380683#21_0" length="1" pos="64.95"/>
	<e1Detector file="/dev/null" freq="60" friendlyPos="x" id="e1det_151380683#21_1" lane="151380683#21_1" length="1" pos="64.95"/>
	<e1Detector file="/dev/null" freq="60" friendlyPos="x" id="e1det_46249914#4_0" lane="46249914#4_0" length="1" pos="38.86"/>
	<e1Detector file="/dev/null" freq="60" friendlyPos="x" id="e1det_141880681#5_0" lane="141880681#5_0" length="1" pos="50.11"/>
	<e1Detector file="/dev/null" freq="60" friendlyPos="x" id="e1det_141880681#5_1" lane="141880681#5_1" length="1" pos="50.11"/>
	<e1Detector file="/dev/null" freq="60" friendlyPos="x" id="e1det_151380683#23_0" lane="151380683#23_0" length="1" pos="131.64"/>
	<e1Detector file="/dev/null" freq="60" friendlyPos="x" id="e1det_151380683#23_1" lane="151380683#23_1" length="1" pos="131.64"/>
	<e1Detector file="/dev/null" freq="60" friendlyPos="x" id="e1det_91312473#7_0" lane="91312473#7_0" length="1" pos="43.74"/>
	<e1Detector file="/dev/null" freq="60" friendlyPos="x" id="e1det_91312473#7_1" lane="91312473#7_1" length="1" pos="43.74"/>
	<e1Detector file="/dev/null" freq="60" friendlyPos="x" id="e1det_91312473#7_2" lane="91312473#7_2" length="1" pos="43.74"/>
	<e1Detector file="/dev/null" freq="60" friendlyPos="x" id="e1det_141880681#8_0" lane="141880681#8_0" length="1" pos="82.18"/>
	<e1Detector file="/dev/null" freq="60" friendlyPos="x" id="e1det_141880681#8_1" lane="141880681#8_1" length="1" pos="82.18"/>
	<e1Detector file="/dev/null" freq="60" friendlyPos="x" id="e1det_147495751#3_0" lane="147495751#3_0" length="-0.59" pos="0"/>
	<e1Detector file="/dev/null" freq="60" friendlyPos="x" id="e1det_147495751#3_1" lane="147495751#3_1" length="-0.59" pos="0"/>
	<e1Detector file="/dev/null" freq="60" friendlyPos="x" id="e1det_151380683#25_0" lane="151380683#25_0" length="1" pos="22.49"/>
	<e1Detector file="/dev/null" freq="60" friendlyPos="x" id="e1det_151380683#25_1" lane="151380683#25_1" length="1" pos="22.49"/>
	<e1Detector file="/dev/null" freq="60" friendlyPos="x" id="e1det_147495752#1_0" lane="147495752#1_0" length="1" pos="2.98"/>
	<e1Detector file="/dev/null" freq="60" friendlyPos="x" id="e1det_147495752#1_1" lane="147495752#1_1" length="1" pos="2.98"/>
	<e1Detector file="/dev/null" freq="60" friendlyPos="x" id="e1det_147593401#2_0" lane="147593401#2_0" length="1" pos="57.51"/>
	<e1Detector file="/dev/null" freq="60" friendlyPos="x" id="e1det_147593401#2_1" lane="147593401#2_1" length="1" pos="57.51"/>
	<e1Detector file="/dev/null" freq="60" friendlyPos="x" id="e1det_166703472#0_0" lane="166703472#0_0" length="1" pos="59.99"/>
	<e1Detector file="/dev/null" freq="60" friendlyPos="x" id="e1det_147935464#0_0" lane="147935464#0_0" length="1" pos="66.08"/>
	<e1Detector file="/dev/null" freq="60" friendlyPos="x" id="e1det_147935464#0_1" lane="147935464#0_1" length="1" pos="66.08"/>
	<e1Detector file="/dev/null" freq="60" friendlyPos="x" id="e1det_151380683#14_0" lane="151380683#14_0" length="1" pos="20.94"/>
	<e1Detector file="/dev/null" freq="60" friendlyPos="x" id="e1det_151380683#14_1" lane="151380683#14_1" length="1" pos="20.94"/>
	<e1Detector file="/dev/null" freq="60" friendlyPos="x" id="e1det_147935481#2_0" lane="147935481#2_0" length="-1.21" pos="0"/>
	<e1Detector file="/dev/null" freq="60" friendlyPos="x" id="e1det_147935481#2_1" lane="147935481#2_1" length="-1.21" pos="0"/>
	<e1Detector file="/dev/null" freq="60" friendlyPos="x" id="e1det_151380683#12_0" lane="151380683#12_0" length="-2.78" pos="0"/>
	<e1Detector file="/dev/null" freq="60" friendlyPos="x" id="e1det_151380683#12_1" lane="151380683#12_1" length="-2.78" pos="0"/>
	<e1Detector file="/dev/null" freq="60" friendlyPos="x" id="e1det_151380695_0" lane="151380695_0" length="-2.72" pos="0"/>
	<e1Detector file="/dev/null" freq="60" friendlyPos="x" id="e1det_151380695_1" lane="151380695_1" length="-2.72" pos="0"/>
	<e1Detector file="/dev/null" freq="60" friendlyPos="x" id="e1det_90064603#7_0" lane="90064603#7_0" length="1" pos="54.88"/>
	<e1Detector file="/dev/null" freq="60" friendlyPos="x" id="e1det_90064603#7_1" lane="90064603#7_1" length="1" pos="54.88"/>
	<e1Detector file="/dev/null" freq="60" friendlyPos="x" id="e1det_147935481#5_0" lane="147935481#5_0" length="1" pos="33.84"/>
	<e1Detector file="/dev/null" freq="60" friendlyPos="x" id="e1det_147935481#5_1" lane="147935481#5_1" length="1" pos="33.84"/>
	<e1Detector file="/dev/null" freq="60" friendlyPos="x" id="e1det_151380683#9_0" lane="151380683#9_0" length="1" pos="222.47"/>
	<e1Detector file="/dev/null" freq="60" friendlyPos="x" id="e1det_151380683#9_1" lane="151380683#9_1" length="1" pos="222.47"/>
	<e1Detector file="/dev/null" freq="60" friendlyPos="x" id="e1det_91312493#4_0" lane="91312493#4_0" length="1" pos="42.73"/>
	<e1Detector file="/dev/null" freq="60" friendlyPos="x" id="e1det_91312493#4_1" lane="91312493#4_1" length="1" pos="42.73"/>
	<e1Detector file="/dev/null" freq="60" friendlyPos="x" id="e1det_147935481#8_0" lane="147935481#8_0" length="1" pos="57.15"/>
	<e1Detector file="/dev/null" freq="60" friendlyPos="x" id="e1det_147935481#8_1" lane="147935481#8_1" length="1" pos="57.15"/>
	<e1Detector file="/dev/null" freq="60" friendlyPos="x" id="e1det_147935481#8_2" lane="147935481#8_2" length="1" pos="57.15"/>
	<e1Detector file="/dev/null" freq="60" friendlyPos="x" id="e1det_147935481#8_3" lane="147935481#8_3" length="1" pos="57.15"/>
	<e1Detector file="/dev/null" freq="60" friendlyPos="x" id="e1det_147935513#1_0" lane="147935513#1_0" length="1" pos="85.88"/>
	<e1Detector file="/dev/null" freq="60" friendlyPos="x" id="e1det_147935513#1_1" lane="147935513#1_1" length="1" pos="85.88"/>
	<e1Detector file="/dev/null" freq="60" friendlyPos="x" id="e1det_159116087#8_0" lane="159116087#8_0" length="1" pos="230.28"/>
	<e1Detector file="/dev/null" freq="60" friendlyPos="x" id="e1det_159116087#8_1" lane="159116087#8_1" length="1" pos="230.28"/>
	<e1Detector file="/dev/null" freq="60" friendlyPos="x" id="e1det_159116088#7_0" lane="159116088#7_0" length="1" pos="38.45"/>
	<e1Detector file="/dev/null" freq="60" friendlyPos="x" id="e1det_159116088#7_1" lane="159116088#7_1" length="1" pos="38.45"/>
	<e1Detector file="/dev/null" freq="60" friendlyPos="x" id="e1det_147935513#4-AddedOffRampEdge_0" lane="147935513#4-AddedOffRampEdge_0" length="1" pos="88.67"/>
	<e1Detector file="/dev/null" freq="60" friendlyPos="x" id="e1det_147935513#4-AddedOffRampEdge_1" lane="147935513#4-AddedOffRampEdge_1" length="1" pos="88.67"/>
	<e1Detector file="/dev/null" freq="60" friendlyPos="x" id="e1det_147935513#4-AddedOffRampEdge_2" lane="147935513#4-AddedOffRampEdge_2" length="1" pos="88.67"/>
	<e1Detector file="/dev/null" freq="60" friendlyPos="x" id="e1det_148394062#3_0" lane="148394062#3_0" length="1" pos="26.38"/>
	<e1Detector file="/dev/null" freq="60" friendlyPos="x" id="e1det_148394062#3_1" lane="148394062#3_1" length="1" pos="26.38"/>
	<e1Detector file="/dev/null" freq="60" friendlyPos="x" id="e1det_148005416#6_0" lane="148005416#6_0" length="1" pos="86.05"/>
	<e1Detector file="/dev/null" freq="60" friendlyPos="x" id="e1det_148005416#6_1" lane="148005416#6_1" length="1" pos="86.05"/>
	<e1Detector file="/dev/null" freq="60" friendlyPos="x" id="e1det_151380684#7_0" lane="151380684#7_0" length="1" pos="8.63"/>
	<e1Detector file="/dev/null" freq="60" friendlyPos="x" id="e1det_151380684#7_1" lane="151380684#7_1" length="1" pos="8.63"/>
	<e1Detector file="/dev/null" freq="60" friendlyPos="x" id="e1det_151380684#7_2" lane="151380684#7_2" length="1" pos="8.63"/>
	<e1Detector file="/dev/null" freq="60" friendlyPos="x" id="e1det_151380684#7_3" lane="151380684#7_3" length="1" pos="8.63"/>
	<e1Detector file="/dev/null" freq="60" friendlyPos="x" id="e1det_148007416#1_0" lane="148007416#1_0" length="1" pos="75.75"/>
	<e1Detector file="/dev/null" freq="60" friendlyPos="x" id="e1det_151380684#11_0" lane="151380684#11_0" length="1" pos="82.94"/>
	<e1Detector file="/dev/null" freq="60" friendlyPos="x" id="e1det_151380684#11_1" lane="151380684#11_1" length="1" pos="82.94"/>
	<e1Detector file="/dev/null" freq="60" friendlyPos="x" id="e1det_151380684#11_2" lane="151380684#11_2" length="1" pos="82.94"/>
	<e1Detector file="/dev/null" freq="60" friendlyPos="x" id="e1det_151380684#11_3" lane="151380684#11_3" length="1" pos="82.94"/>
	<e1Detector file="/dev/null" freq="60" friendlyPos="x" id="e1det_148007420#12_0" lane="148007420#12_0" length="1" pos="120.97"/>
	<e1Detector file="/dev/null" freq="60" friendlyPos="x" id="e1det_151375663#4_0" lane="151375663#4_0" length="1" pos="99.95"/>
	<e1Detector file="/dev/null" freq="60" friendlyPos="x" id="e1det_148007420#14_0" lane="148007420#14_0" length="1" pos="118.6"/>
	<e1Detector file="/dev/null" freq="60" friendlyPos="x" id="e1det_151375661#5_0" lane="151375661#5_0" length="1" pos="100.69"/>
	<e1Detector file="/dev/null" freq="60" friendlyPos="x" id="e1det_148007420#3_0" lane="148007420#3_0" length="1" pos="32.06"/>
	<e1Detector file="/dev/null" freq="60" friendlyPos="x" id="e1det_91312489#3_0" lane="91312489#3_0" length="1" pos="78.07"/>
	<e1Detector file="/dev/null" freq="60" friendlyPos="x" id="e1det_91312489#3_1" lane="91312489#3_1" length="1" pos="78.07"/>
	<e1Detector file="/dev/null" freq="60" friendlyPos="x" id="e1det_148007420#7_0" lane="148007420#7_0" length="1" pos="106.71"/>
	<e1Detector file="/dev/null" freq="60" friendlyPos="x" id="e1det_91312493#0_0" lane="91312493#0_0" length="1" pos="74.58"/>
	<e1Detector file="/dev/null" freq="60" friendlyPos="x" id="e1det_91312493#0_1" lane="91312493#0_1" length="1" pos="74.58"/>
	<e1Detector file="/dev/null" freq="60" friendlyPos="x" id="e1det_148007420#9_0" lane="148007420#9_0" length="1" pos="91.29"/>
	<e1Detector file="/dev/null" freq="60" friendlyPos="x" id="e1det_148641830#2_0" lane="148641830#2_0" length="1" pos="91.74"/>
	<e1Detector file="/dev/null" freq="60" friendlyPos="x" id="e1det_148641830#2_1" lane="148641830#2_1" length="1" pos="91.74"/>
	<e1Detector file="/dev/null" freq="60" friendlyPos="x" id="e1det_46178146#3_0" lane="46178146#3_0" length="1" pos="99.61"/>
	<e1Detector file="/dev/null" freq="60" friendlyPos="x" id="e1det_46178146#3_1" lane="46178146#3_1" length="1" pos="99.61"/>
	<e1Detector file="/dev/null" freq="60" friendlyPos="x" id="e1det_148394062#1_0" lane="148394062#1_0" length="1" pos="85.31"/>
	<e1Detector file="/dev/null" freq="60" friendlyPos="x" id="e1det_148394062#1_1" lane="148394062#1_1" length="1" pos="85.31"/>
	<e1Detector file="/dev/null" freq="60" friendlyPos="x" id="e1det_90064603#3_0" lane="90064603#3_0" length="1" pos="55.02"/>
	<e1Detector file="/dev/null" freq="60" friendlyPos="x" id="e1det_90064603#3_1" lane="90064603#3_1" length="1" pos="55.02"/>
	<e1Detector file="/dev/null" freq="60" friendlyPos="x" id="e1det_90064603#3_2" lane="90064603#3_2" length="1" pos="55.02"/>
	<e1Detector file="/dev/null" freq="60" friendlyPos="x" id="e1det_148641830#0_0" lane="148641830#0_0" length="1" pos="208.39"/>
	<e1Detector file="/dev/null" freq="60" friendlyPos="x" id="e1det_148641830#0_1" lane="148641830#0_1" length="1" pos="208.39"/>
	<e1Detector file="/dev/null" freq="60" friendlyPos="x" id="e1det_46178146#4_0" lane="46178146#4_0" length="1" pos="95.64"/>
	<e1Detector file="/dev/null" freq="60" friendlyPos="x" id="e1det_46178146#4_1" lane="46178146#4_1" length="1" pos="95.64"/>
	<e1Detector file="/dev/null" freq="60" friendlyPos="x" id="e1det_89773774#1_0" lane="89773774#1_0" length="1" pos="96.92"/>
	<e1Detector file="/dev/null" freq="60" friendlyPos="x" id="e1det_89773774#1_1" lane="89773774#1_1" length="1" pos="96.92"/>
	<e1Detector file="/dev/null" freq="60" friendlyPos="x" id="e1det_89773774#1_2" lane="89773774#1_2" length="1" pos="96.92"/>
	<e1Detector file="/dev/null" freq="60" friendlyPos="x" id="e1det_89773774#1_3" lane="89773774#1_3" length="1" pos="96.92"/>
	<e1Detector file="/dev/null" freq="60" friendlyPos="x" id="e1det_148641830#4_0" lane="148641830#4_0" length="1" pos="99.6"/>
	<e1Detector file="/dev/null" freq="60" friendlyPos="x" id="e1det_148641830#4_1" lane="148641830#4_1" length="1" pos="99.6"/>
	<e1Detector file="/dev/null" freq="60" friendlyPos="x" id="e1det_46178146#1_0" lane="46178146#1_0" length="1" pos="63.73"/>
	<e1Detector file="/dev/null" freq="60" friendlyPos="x" id="e1det_46178146#1_1" lane="46178146#1_1" length="1" pos="63.73"/>
	<e1Detector file="/dev/null" freq="60" friendlyPos="x" id="e1det_91312486#5_0" lane="91312486#5_0" length="1" pos="67.5"/>
	<e1Detector file="/dev/null" freq="60" friendlyPos="x" id="e1det_151375604#1_0" lane="151375604#1_0" length="1" pos="56.98"/>
	<e1Detector file="/dev/null" freq="60" friendlyPos="x" id="e1det_151375604#1_1" lane="151375604#1_1" length="1" pos="56.98"/>
	<e1Detector file="/dev/null" freq="60" friendlyPos="x" id="e1det_89760177#1_0" lane="89760177#1_0" length="1" pos="51.72"/>
	<e1Detector file="/dev/null" freq="60" friendlyPos="x" id="e1det_89760177#1_1" lane="89760177#1_1" length="1" pos="51.72"/>
	<e1Detector file="/dev/null" freq="60" friendlyPos="x" id="e1det_151375604#3_0" lane="151375604#3_0" length="1" pos="61.64"/>
	<e1Detector file="/dev/null" freq="60" friendlyPos="x" id="e1det_151375604#3_1" lane="151375604#3_1" length="1" pos="61.64"/>
	<e1Detector file="/dev/null" freq="60" friendlyPos="x" id="e1det_151375648#2_0" lane="151375648#2_0" length="1" pos="59.67"/>
	<e1Detector file="/dev/null" freq="60" friendlyPos="x" id="e1det_154548820#2_0" lane="154548820#2_0" length="1" pos="69.01"/>
	<e1Detector file="/dev/null" freq="60" friendlyPos="x" id="e1det_151375648#4_0" lane="151375648#4_0" length="1" pos="115.15"/>
	<e1Detector file="/dev/null" freq="60" friendlyPos="x" id="e1det_155015126#2_0" lane="155015126#2_0" length="1" pos="35.61"/>
	<e1Detector file="/dev/null" freq="60" friendlyPos="x" id="e1det_155015126#2_1" lane="155015126#2_1" length="1" pos="35.61"/>
	<e1Detector file="/dev/null" freq="60" friendlyPos="x" id="e1det_151375661#6_0" lane="151375661#6_0" length="1" pos="90.63"/>
	<e1Detector file="/dev/null" freq="60" friendlyPos="x" id="e1det_151380665#9_0" lane="151380665#9_0" length="1" pos="12.03"/>
	<e1Detector file="/dev/null" freq="60" friendlyPos="x" id="e1det_151380665#9_1" lane="151380665#9_1" length="1" pos="12.03"/>
	<e1Detector file="/dev/null" freq="60" friendlyPos="x" id="e1det_151550821#5_0" lane="151550821#5_0" length="1" pos="43.62"/>
	<e1Detector file="/dev/null" freq="60" friendlyPos="x" id="e1det_151550821#5_1" lane="151550821#5_1" length="1" pos="43.62"/>
	<e1Detector file="/dev/null" freq="60" friendlyPos="x" id="e1det_151375663#3_0" lane="151375663#3_0" length="1" pos="70.83"/>
	<e1Detector file="/dev/null" freq="60" friendlyPos="x" id="e1det_91312486#3_0" lane="91312486#3_0" length="1" pos="118.37"/>
	<e1Detector file="/dev/null" freq="60" friendlyPos="x" id="e1det_151375663#5_0" lane="151375663#5_0" length="1" pos="92.71"/>
	<e1Detector file="/dev/null" freq="60" friendlyPos="x" id="e1det_151380665#13_0" lane="151380665#13_0" length="1" pos="112.09"/>
	<e1Detector file="/dev/null" freq="60" friendlyPos="x" id="e1det_151380665#13_1" lane="151380665#13_1" length="1" pos="112.09"/>
	<e1Detector file="/dev/null" freq="60" friendlyPos="x" id="e1det_151550821#7_0" lane="151550821#7_0" length="1" pos="114.71"/>
	<e1Detector file="/dev/null" freq="60" friendlyPos="x" id="e1det_151550821#7_1" lane="151550821#7_1" length="1" pos="114.71"/>
	<e1Detector file="/dev/null" freq="60" friendlyPos="x" id="e1det_151380684#13_0" lane="151380684#13_0" length="1" pos="77.33"/>
	<e1Detector file="/dev/null" freq="60" friendlyPos="x" id="e1det_151380684#13_1" lane="151380684#13_1" length="1" pos="77.33"/>
	<e1Detector file="/dev/null" freq="60" friendlyPos="x" id="e1det_151380684#13_2" lane="151380684#13_2" length="1" pos="77.33"/>
	<e1Detector file="/dev/null" freq="60" friendlyPos="x" id="e1det_151380684#13_3" lane="151380684#13_3" length="1" pos="77.33"/>
	<e1Detector file="/dev/null" freq="60" friendlyPos="x" id="e1det_151380684#2_0" lane="151380684#2_0" length="1" pos="97.16"/>
	<e1Detector file="/dev/null" freq="60" friendlyPos="x" id="e1det_151380684#2_1" lane="151380684#2_1" length="1" pos="97.16"/>
	<e1Detector file="/dev/null" freq="60" friendlyPos="x" id="e1det_151380684#2_2" lane="151380684#2_2" length="1" pos="97.16"/>
	<e1Detector file="/dev/null" freq="60" friendlyPos="x" id="e1det_151380684#2_3" lane="151380684#2_3" length="1" pos="97.16"/>
	<e1Detector file="/dev/null" freq="60" friendlyPos="x" id="e1det_161486224#0_0" lane="161486224#0_0" length="1" pos="83.99"/>
	<e1Detector file="/dev/null" freq="60" friendlyPos="x" id="e1det_91312501#1_0" lane="91312501#1_0" length="1" pos="86.32"/>
	<e1Detector file="/dev/null" freq="60" friendlyPos="x" id="e1det_151380684#4_0" lane="151380684#4_0" length="1" pos="98.21"/>
	<e1Detector file="/dev/null" freq="60" friendlyPos="x" id="e1det_151380684#4_1" lane="151380684#4_1" length="1" pos="98.21"/>
	<e1Detector file="/dev/null" freq="60" friendlyPos="x" id="e1det_151380684#4_2" lane="151380684#4_2" length="1" pos="98.21"/>
	<e1Detector file="/dev/null" freq="60" friendlyPos="x" id="e1det_151380684#4_3" lane="151380684#4_3" length="1" pos="98.21"/>
	<e1Detector file="/dev/null" freq="60" friendlyPos="x" id="e1det_91312489#1_0" lane="91312489#1_0" length="1" pos="77.35"/>
	<e1Detector file="/dev/null" freq="60" friendlyPos="x" id="e1det_91312489#1_1" lane="91312489#1_1" length="1" pos="77.35"/>
	<e1Detector file="/dev/null" freq="60" friendlyPos="x" id="e1det_151427300#3_0" lane="151427300#3_0" length="1" pos="61.91"/>
	<e1Detector file="/dev/null" freq="60" friendlyPos="x" id="e1det_155015126#9_0" lane="155015126#9_0" length="1" pos="47.83"/>
	<e1Detector file="/dev/null" freq="60" friendlyPos="x" id="e1det_155015126#9_1" lane="155015126#9_1" length="1" pos="47.83"/>
	<e1Detector file="/dev/null" freq="60" friendlyPos="x" id="e1det_151550819_0" lane="151550819_0" length="1" pos="146.62"/>
	<e1Detector file="/dev/null" freq="60" friendlyPos="x" id="e1det_89760469#9_0" lane="89760469#9_0" length="1" pos="62.66"/>
	<e1Detector file="/dev/null" freq="60" friendlyPos="x" id="e1det_151550825#3_0" lane="151550825#3_0" length="1" pos="61.15"/>
	<e1Detector file="/dev/null" freq="60" friendlyPos="x" id="e1det_151550825#3_1" lane="151550825#3_1" length="1" pos="61.15"/>
	<e1Detector file="/dev/null" freq="60" friendlyPos="x" id="e1det_46249915#5_0" lane="46249915#5_0" length="1" pos="63.01"/>
	<e1Detector file="/dev/null" freq="60" friendlyPos="x" id="e1det_46249915#5_1" lane="46249915#5_1" length="1" pos="63.01"/>
	<e1Detector file="/dev/null" freq="60" friendlyPos="x" id="e1det_89762710#3_0" lane="89762710#3_0" length="1" pos="151.04"/>
	<e1Detector file="/dev/null" freq="60" friendlyPos="x" id="e1det_151550825#5_0" lane="151550825#5_0" length="1" pos="43.21"/>
	<e1Detector file="/dev/null" freq="60" friendlyPos="x" id="e1det_151550825#5_1" lane="151550825#5_1" length="1" pos="43.21"/>
	<e1Detector file="/dev/null" freq="60" friendlyPos="x" id="e1det_46249915#6_0" lane="46249915#6_0" length="1" pos="26.98"/>
	<e1Detector file="/dev/null" freq="60" friendlyPos="x" id="e1det_46249915#6_1" lane="46249915#6_1" length="1" pos="26.98"/>
	<e1Detector file="/dev/null" freq="60" friendlyPos="x" id="e1det_46249915#6_2" lane="46249915#6_2" length="1" pos="26.98"/>
	<e1Detector file="/dev/null" freq="60" friendlyPos="x" id="e1det_46249915#6_3" lane="46249915#6_3" length="1" pos="26.98"/>
	<e1Detector file="/dev/null" freq="60" friendlyPos="x" id="e1det_89763499#0_0" lane="89763499#0_0" length="1" pos="64.24"/>
	<e1Detector file="/dev/null" freq="60" friendlyPos="x" id="e1det_154548820#4_0" lane="154548820#4_0" length="1" pos="44.5"/>
	<e1Detector file="/dev/null" freq="60" friendlyPos="x" id="e1det_89905627#6_0" lane="89905627#6_0" length="1" pos="131.46"/>
	<e1Detector file="/dev/null" freq="60" friendlyPos="x" id="e1det_154548820#6_0" lane="154548820#6_0" length="1" pos="57.92"/>
	<e1Detector file="/dev/null" freq="60" friendlyPos="x" id="e1det_159116087#3_0" lane="159116087#3_0" length="1" pos="141.26"/>
	<e1Detector file="/dev/null" freq="60" friendlyPos="x" id="e1det_159116087#3_1" lane="159116087#3_1" length="1" pos="141.26"/>
	<e1Detector file="/dev/null" freq="60" friendlyPos="x" id="e1det_159116088#2_0" lane="159116088#2_0" length="1" pos="143.16"/>
	<e1Detector file="/dev/null" freq="60" friendlyPos="x" id="e1det_159116088#2_1" lane="159116088#2_1" length="1" pos="143.16"/>
	<e1Detector file="/dev/null" freq="60" friendlyPos="x" id="e1det_155015126#1_0" lane="155015126#1_0" length="1" pos="105.3"/>
	<e1Detector file="/dev/null" freq="60" friendlyPos="x" id="e1det_155015126#1_1" lane="155015126#1_1" length="1" pos="105.3"/>
	<e1Detector file="/dev/null" freq="60" friendlyPos="x" id="e1det_89905627#5_0" lane="89905627#5_0" length="1" pos="67.76"/>
	<e1Detector file="/dev/null" freq="60" friendlyPos="x" id="e1det_155015126#4_0" lane="155015126#4_0" length="1" pos="13.96"/>
	<e1Detector file="/dev/null" freq="60" friendlyPos="x" id="e1det_155015126#4_1" lane="155015126#4_1" length="1" pos="13.96"/>
	<e1Detector file="/dev/null" freq="60" friendlyPos="x" id="e1det_183092106#6_0" lane="183092106#6_0" length="1" pos="78.0"/>
	<e1Detector file="/dev/null" freq="60" friendlyPos="x" id="e1det_183092106#6_1" lane="183092106#6_1" length="1" pos="78.0"/>
	<e1Detector file="/dev/null" freq="60" friendlyPos="x" id="e1det_155015126#5_0" lane="155015126#5_0" length="1" pos="73.15"/>
	<e1Detector file="/dev/null" freq="60" friendlyPos="x" id="e1det_155015126#5_1" lane="155015126#5_1" length="1" pos="73.15"/>
	<e1Detector file="/dev/null" freq="60" friendlyPos="x" id="e1det_201272993#1_0" lane="201272993#1_0" length="1" pos="106.08"/>
	<e1Detector file="/dev/null" freq="60" friendlyPos="x" id="e1det_201272993#1_1" lane="201272993#1_1" length="1" pos="106.08"/>
	<e1Detector file="/dev/null" freq="60" friendlyPos="x" id="e1det_155015126#6_0" lane="155015126#6_0" length="1" pos="55.38"/>
	<e1Detector file="/dev/null" freq="60" friendlyPos="x" id="e1det_155015126#6_1" lane="155015126#6_1" length="1" pos="55.38"/>
	<e1Detector file="/dev/null" freq="60" friendlyPos="x" id="e1det_89763489#2_0" lane="89763489#2_0" length="1" pos="98.75"/>
	<e1Detector file="/dev/null" freq="60" friendlyPos="x" id="e1det_89763489#2_1" lane="89763489#2_1" length="1" pos="98.75"/>
	<e1Detector file="/dev/null" freq="60" friendlyPos="x" id="e1det_156672345#0_0" lane="156672345#0_0" length="1" pos="6.91"/>
	<e1Detector file="/dev/null" freq="60" friendlyPos="x" id="e1det_156672345#0_1" lane="156672345#0_1" length="1" pos="6.91"/>
	<e1Detector file="/dev/null" freq="60" friendlyPos="x" id="e1det_158415912#0_0" lane="158415912#0_0" length="1" pos="56.0"/>
	<e1Detector file="/dev/null" freq="60" friendlyPos="x" id="e1det_46249915#0_0" lane="46249915#0_0" length="1" pos="117.62"/>
	<e1Detector file="/dev/null" freq="60" friendlyPos="x" id="e1det_46249915#0_1" lane="46249915#0_1" length="1" pos="117.62"/>
	<e1Detector file="/dev/null" freq="60" friendlyPos="x" id="e1det_159116087#1_0" lane="159116087#1_0" length="1" pos="35.26"/>
	<e1Detector file="/dev/null" freq="60" friendlyPos="x" id="e1det_159116087#1_1" lane="159116087#1_1" length="1" pos="35.26"/>
	<e1Detector file="/dev/null" freq="60" friendlyPos="x" id="e1det_159116088#0_0" lane="159116088#0_0" length="1" pos="114.84"/>
	<e1Detector file="/dev/null" freq="60" friendlyPos="x" id="e1det_159116088#0_1" lane="159116088#0_1" length="1" pos="114.84"/>
	<e1Detector file="/dev/null" freq="60" friendlyPos="x" id="e1det_89760161#6_0" lane="89760161#6_0" length="1" pos="41.55"/>
	<e1Detector file="/dev/null" freq="60" friendlyPos="x" id="e1det_160174008#0_0" lane="160174008#0_0" length="1" pos="184.11"/>
	<e1Detector file="/dev/null" freq="60" friendlyPos="x" id="e1det_160174008#0_1" lane="160174008#0_1" length="1" pos="184.11"/>
	<e1Detector file="/dev/null" freq="60" friendlyPos="x" id="e1det_201104468#6_0" lane="201104468#6_0" length="1" pos="20.93"/>
	<e1Detector file="/dev/null" freq="60" friendlyPos="x" id="e1det_201104468#6_1" lane="201104468#6_1" length="1" pos="20.93"/>
	<e1Detector file="/dev/null" freq="60" friendlyPos="x" id="e1det_201104468#6_2" lane="201104468#6_2" length="1" pos="20.93"/>
	<e1Detector file="/dev/null" freq="60" friendlyPos="x" id="e1det_201104468#6_3" lane="201104468#6_3" length="1" pos="20.93"/>
	<e1Detector file="/dev/null" freq="60" friendlyPos="x" id="e1det_89905636#7_0" lane="89905636#7_0" length="1" pos="60.93"/>
	<e1Detector file="/dev/null" freq="60" friendlyPos="x" id="e1det_89905636#7_1" lane="89905636#7_1" length="1" pos="60.93"/>
	<e1Detector file="/dev/null" freq="60" friendlyPos="x" id="e1det_201272993#6_0" lane="201272993#6_0" length="1" pos="96.14"/>
	<e1Detector file="/dev/null" freq="60" friendlyPos="x" id="e1det_201272993#6_1" lane="201272993#6_1" length="1" pos="96.14"/>
	<e1Detector file="/dev/null" freq="60" friendlyPos="x" id="e1det_46053226#7_0" lane="46053226#7_0" length="1" pos="69.07"/>
	<e1Detector file="/dev/null" freq="60" friendlyPos="x" id="e1det_46053226#7_1" lane="46053226#7_1" length="1" pos="69.07"/>
	<e1Detector file="/dev/null" freq="60" friendlyPos="x" id="e1det_89762713#1_0" lane="89762713#1_0" length="1" pos="111.35"/>
	<e1Detector file="/dev/null" freq="60" friendlyPos="x" id="e1det_89762713#1_1" lane="89762713#1_1" length="1" pos="111.35"/>
	<e1Detector file="/dev/null" freq="60" friendlyPos="x" id="e1det_89760154#6_0" lane="89760154#6_0" length="1" pos="128.56"/>
	<e1Detector file="/dev/null" freq="60" friendlyPos="x" id="e1det_89762713#0_0" lane="89762713#0_0" length="1" pos="73.76"/>
	<e1Detector file="/dev/null" freq="60" friendlyPos="x" id="e1det_89762713#0_1" lane="89762713#0_1" length="1" pos="73.76"/>
	<e1Detector file="/dev/null" freq="60" friendlyPos="x" id="e1det_89760156#4_0" lane="89760156#4_0" length="1" pos="72.17"/>
	<e1Detector file="/dev/null" freq="60" friendlyPos="x" id="e1det_89762713#3_0" lane="89762713#3_0" length="1" pos="84.94"/>
	<e1Detector file="/dev/null" freq="60" friendlyPos="x" id="e1det_89762713#3_1" lane="89762713#3_1" length="1" pos="84.94"/>
	<e1Detector file="/dev/null" freq="60" friendlyPos="x" id="e1det_89760161#2_0" lane="89760161#2_0" length="1" pos="66.84"/>
	<e1Detector file="/dev/null" freq="60" friendlyPos="x" id="e1det_89760161#2_1" lane="89760161#2_1" length="1" pos="66.84"/>
	<e1Detector file="/dev/null" freq="60" friendlyPos="x" id="e1det_89760161#2_2" lane="89760161#2_2" length="1" pos="66.84"/>
	<e1Detector file="/dev/null" freq="60" friendlyPos="x" id="e1det_89905636#6_0" lane="89905636#6_0" length="1" pos="139.96"/>
	<e1Detector file="/dev/null" freq="60" friendlyPos="x" id="e1det_89905636#6_1" lane="89905636#6_1" length="1" pos="139.96"/>
	<e1Detector file="/dev/null" freq="60" friendlyPos="x" id="e1det_89760161#3_0" lane="89760161#3_0" length="1" pos="90.96"/>
	<e1Detector file="/dev/null" freq="60" friendlyPos="x" id="e1det_89905631_0" lane="89905631_0" length="1" pos="68.69"/>
	<e1Detector file="/dev/null" freq="60" friendlyPos="x" id="e1det_89760177#3_0" lane="89760177#3_0" length="1" pos="60.8"/>
	<e1Detector file="/dev/null" freq="60" friendlyPos="x" id="e1det_89760177#3_1" lane="89760177#3_1" length="1" pos="60.8"/>
	<e1Detector file="/dev/null" freq="60" friendlyPos="x" id="e1det_89905639#8_0" lane="89905639#8_0" length="1" pos="10.98"/>
	<e1Detector file="/dev/null" freq="60" friendlyPos="x" id="e1det_89905639#8_1" lane="89905639#8_1" length="1" pos="10.98"/>
</additional>
