<?xml version="1.0" encoding="UTF-8"?>

<!-- generated on Sun Aug 28 21:37:10 2016 by SUMO gui Version 0.27.1
<?xml version="1.0" encoding="UTF-8"?>

<configuration xmlns:xsi="http://www.w3.org/2001/XMLSchema-instance" xsi:noNamespaceSchemaLocation="http://sumo.dlr.de/xsd/sumo-gui.exeConfiguration.xsd">

    <input>
        <net-file value="downtownCampinas.net.xml"/>
        <route-files value="downtownCampinas.rou.xml"/>
    </input>

    <output>
        <summary-output value="output_sumo.downtownCampinas.xml"/>
    </output>

</configuration>
-->

<summary xmlns:xsi="http://www.w3.org/2001/XMLSchema-instance" xsi:noNamespaceSchemaLocation="http://sumo.dlr.de/xsd/summary_file.xsd">
    <step time="0.00" loaded="2" inserted="1" running="1" waiting="0" ended="0" meanWaitingTime="0.00" meanTravelTime="-1.00" duration="140671222746728"/>
    <step time="1.00" loaded="193" inserted="2" running="2" waiting="0" ended="0" meanWaitingTime="0.00" meanTravelTime="-1.00" duration="0"/>
    <step time="2.00" loaded="193" inserted="3" running="3" waiting="0" ended="0" meanWaitingTime="0.00" meanTravelTime="-1.00" duration="24"/>
    <step time="3.00" loaded="193" inserted="4" running="4" waiting="0" ended="0" meanWaitingTime="0.00" meanTravelTime="-1.00" duration="0"/>
    <step time="4.00" loaded="193" inserted="5" running="5" waiting="0" ended="0" meanWaitingTime="0.00" meanTravelTime="-1.00" duration="0"/>
    <step time="5.00" loaded="193" inserted="6" running="6" waiting="0" ended="0" meanWaitingTime="0.00" meanTravelTime="-1.00" duration="0"/>
    <step time="6.00" loaded="193" inserted="7" running="7" waiting="0" ended="0" meanWaitingTime="0.00" meanTravelTime="-1.00" duration="0"/>
    <step time="7.00" loaded="193" inserted="8" running="8" waiting="0" ended="0" meanWaitingTime="0.00" meanTravelTime="-1.00" duration="1"/>
    <step time="8.00" loaded="193" inserted="9" running="9" waiting="0" ended="0" meanWaitingTime="0.00" meanTravelTime="-1.00" duration="0"/>
    <step time="9.00" loaded="193" inserted="10" running="10" waiting="0" ended="0" meanWaitingTime="0.00" meanTravelTime="-1.00" duration="0"/>
    <step time="10.00" loaded="193" inserted="11" running="11" waiting="0" ended="0" meanWaitingTime="0.00" meanTravelTime="-1.00" duration="0"/>
</summary>
