<additional>
	<e1Detector file="e1output.xml" freq="60" friendlyPos="x" id="e1det_1si_0" lane="1si_0" length="1" pos="231.15"/>
	<e1Detector file="e1output.xml" freq="60" friendlyPos="x" id="e1det_1si_1" lane="1si_1" length="1" pos="231.15"/>
	<e1Detector file="e1output.xml" freq="60" friendlyPos="x" id="e1det_1si_2" lane="1si_2" length="1" pos="231.15"/>
	<e1Detector file="e1output.xml" freq="60" friendlyPos="x" id="e1det_2si_0" lane="2si_0" length="1" pos="231.15"/>
	<e1Detector file="e1output.xml" freq="60" friendlyPos="x" id="e1det_2si_1" lane="2si_1" length="1" pos="231.15"/>
	<e1Detector file="e1output.xml" freq="60" friendlyPos="x" id="e1det_2si_2" lane="2si_2" length="1" pos="231.15"/>
	<e1Detector file="e1output.xml" freq="60" friendlyPos="x" id="e1det_3si_0" lane="3si_0" length="1" pos="231.15"/>
	<e1Detector file="e1output.xml" freq="60" friendlyPos="x" id="e1det_3si_1" lane="3si_1" length="1" pos="231.15"/>
	<e1Detector file="e1output.xml" freq="60" friendlyPos="x" id="e1det_3si_2" lane="3si_2" length="1" pos="231.15"/>
	<e1Detector file="e1output.xml" freq="60" friendlyPos="x" id="e1det_4si_0" lane="4si_0" length="1" pos="231.15"/>
	<e1Detector file="e1output.xml" freq="60" friendlyPos="x" id="e1det_4si_1" lane="4si_1" length="1" pos="231.15"/>
	<e1Detector file="e1output.xml" freq="60" friendlyPos="x" id="e1det_4si_2" lane="4si_2" length="1" pos="231.15"/>
</additional>
