<?xml version="1.0" encoding="UTF-8"?>

<!-- generated on qui 23 nov 2017 20:14:46 -02 by SUMO gui Version 0.31.0
<?xml version="1.0" encoding="UTF-8"?>

<configuration xmlns:xsi="http://www.w3.org/2001/XMLSchema-instance" xsi:noNamespaceSchemaLocation="http://sumo.dlr.de/xsd/sumoConfiguration.xsd">

    <input>
        <net-file value="sumo_maps/cross-with-loops/net.net.xml"/>
        <route-files value="sumo_maps/cross-with-loops/input_routes.rou.xml"/>
        <additional-files value="sumo_maps/cross-with-loops/e1.add.xml"/>
    </input>

    <output>
        <summary-output value="sumo_maps/cross-with-loops/results.out.xml"/>
    </output>

    <report>
        <verbose value="true"/>
        <duration-log.statistics value="true"/>
        <no-step-log value="true"/>
    </report>

    <traci_server>
        <remote-port value="4044"/>
    </traci_server>

    <gui_only>
        <gui-settings-file value="sumo_maps/cross-with-loops/gui.gui.xml"/>
        <game value="true"/>
        <start value="true"/>
    </gui_only>

</configuration>
-->

<detector xmlns:xsi="http://www.w3.org/2001/XMLSchema-instance" xsi:noNamespaceSchemaLocation="http://sumo.dlr.de/xsd/det_e1_file.xsd">
    <interval begin="0.00" end="60.00" id="e1det_1si_0" nVehContrib="0" flow="0.00" occupancy="0.00" speed="-1.00" length="-1.00" nVehEntered="0"/>
    <interval begin="0.00" end="60.00" id="e1det_1si_1" nVehContrib="0" flow="0.00" occupancy="0.00" speed="-1.00" length="-1.00" nVehEntered="0"/>
    <interval begin="0.00" end="60.00" id="e1det_1si_2" nVehContrib="1" flow="60.00" occupancy="1.11" speed="4.51" length="3.00" nVehEntered="1"/>
    <interval begin="0.00" end="60.00" id="e1det_2si_0" nVehContrib="0" flow="0.00" occupancy="0.00" speed="-1.00" length="-1.00" nVehEntered="0"/>
    <interval begin="0.00" end="60.00" id="e1det_2si_1" nVehContrib="1" flow="60.00" occupancy="0.38" speed="13.27" length="3.00" nVehEntered="1"/>
    <interval begin="0.00" end="60.00" id="e1det_2si_2" nVehContrib="0" flow="0.00" occupancy="0.00" speed="-1.00" length="-1.00" nVehEntered="0"/>
    <interval begin="0.00" end="60.00" id="e1det_3si_0" nVehContrib="1" flow="60.00" occupancy="1.02" speed="4.91" length="3.00" nVehEntered="1"/>
    <interval begin="0.00" end="60.00" id="e1det_3si_1" nVehContrib="1" flow="60.00" occupancy="0.87" speed="5.76" length="3.00" nVehEntered="1"/>
    <interval begin="0.00" end="60.00" id="e1det_3si_2" nVehContrib="0" flow="0.00" occupancy="0.00" speed="-1.00" length="-1.00" nVehEntered="0"/>
    <interval begin="0.00" end="60.00" id="e1det_4si_0" nVehContrib="0" flow="0.00" occupancy="0.00" speed="-1.00" length="-1.00" nVehEntered="0"/>
    <interval begin="0.00" end="60.00" id="e1det_4si_1" nVehContrib="0" flow="0.00" occupancy="0.00" speed="-1.00" length="-1.00" nVehEntered="0"/>
    <interval begin="0.00" end="60.00" id="e1det_4si_2" nVehContrib="0" flow="0.00" occupancy="0.00" speed="-1.00" length="-1.00" nVehEntered="0"/>
    <interval begin="60.00" end="120.00" id="e1det_1si_0" nVehContrib="0" flow="0.00" occupancy="0.00" speed="-1.00" length="-1.00" nVehEntered="0"/>
    <interval begin="60.00" end="120.00" id="e1det_1si_1" nVehContrib="0" flow="0.00" occupancy="0.00" speed="-1.00" length="-1.00" nVehEntered="0"/>
    <interval begin="60.00" end="120.00" id="e1det_1si_2" nVehContrib="1" flow="60.00" occupancy="1.02" speed="4.91" length="3.00" nVehEntered="1"/>
    <interval begin="60.00" end="120.00" id="e1det_2si_0" nVehContrib="0" flow="0.00" occupancy="0.00" speed="-1.00" length="-1.00" nVehEntered="0"/>
    <interval begin="60.00" end="120.00" id="e1det_2si_1" nVehContrib="2" flow="120.00" occupancy="5.70" speed="3.06" length="3.00" nVehEntered="2"/>
    <interval begin="60.00" end="120.00" id="e1det_2si_2" nVehContrib="0" flow="0.00" occupancy="0.00" speed="-1.00" length="-1.00" nVehEntered="0"/>
    <interval begin="60.00" end="120.00" id="e1det_3si_0" nVehContrib="2" flow="120.00" occupancy="1.43" speed="7.62" length="3.00" nVehEntered="2"/>
    <interval begin="60.00" end="120.00" id="e1det_3si_1" nVehContrib="2" flow="120.00" occupancy="1.24" speed="9.42" length="3.00" nVehEntered="2"/>
    <interval begin="60.00" end="120.00" id="e1det_3si_2" nVehContrib="0" flow="0.00" occupancy="0.00" speed="-1.00" length="-1.00" nVehEntered="0"/>
    <interval begin="60.00" end="120.00" id="e1det_4si_0" nVehContrib="0" flow="0.00" occupancy="0.00" speed="-1.00" length="-1.00" nVehEntered="0"/>
    <interval begin="60.00" end="120.00" id="e1det_4si_1" nVehContrib="0" flow="0.00" occupancy="0.00" speed="-1.00" length="-1.00" nVehEntered="0"/>
    <interval begin="60.00" end="120.00" id="e1det_4si_2" nVehContrib="0" flow="0.00" occupancy="0.00" speed="-1.00" length="-1.00" nVehEntered="0"/>
    <interval begin="120.00" end="180.00" id="e1det_1si_0" nVehContrib="0" flow="0.00" occupancy="0.00" speed="-1.00" length="-1.00" nVehEntered="0"/>
    <interval begin="120.00" end="180.00" id="e1det_1si_1" nVehContrib="1" flow="60.00" occupancy="0.41" speed="12.13" length="3.00" nVehEntered="1"/>
    <interval begin="120.00" end="180.00" id="e1det_1si_2" nVehContrib="2" flow="120.00" occupancy="7.49" speed="1.76" length="3.00" nVehEntered="2"/>
    <interval begin="120.00" end="180.00" id="e1det_2si_0" nVehContrib="1" flow="60.00" occupancy="1.05" speed="4.77" length="3.00" nVehEntered="1"/>
    <interval begin="120.00" end="180.00" id="e1det_2si_1" nVehContrib="2" flow="120.00" occupancy="1.28" speed="9.46" length="3.00" nVehEntered="2"/>
    <interval begin="120.00" end="180.00" id="e1det_2si_2" nVehContrib="0" flow="0.00" occupancy="0.00" speed="-1.00" length="-1.00" nVehEntered="0"/>
    <interval begin="120.00" end="180.00" id="e1det_3si_0" nVehContrib="2" flow="120.00" occupancy="5.38" speed="7.12" length="3.00" nVehEntered="2"/>
    <interval begin="120.00" end="180.00" id="e1det_3si_1" nVehContrib="2" flow="120.00" occupancy="7.88" speed="6.57" length="3.00" nVehEntered="2"/>
    <interval begin="120.00" end="180.00" id="e1det_3si_2" nVehContrib="0" flow="0.00" occupancy="0.00" speed="-1.00" length="-1.00" nVehEntered="0"/>
    <interval begin="120.00" end="180.00" id="e1det_4si_0" nVehContrib="0" flow="0.00" occupancy="0.00" speed="-1.00" length="-1.00" nVehEntered="0"/>
    <interval begin="120.00" end="180.00" id="e1det_4si_1" nVehContrib="2" flow="120.00" occupancy="0.80" speed="12.44" length="3.00" nVehEntered="2"/>
    <interval begin="120.00" end="180.00" id="e1det_4si_2" nVehContrib="1" flow="60.00" occupancy="1.04" speed="4.81" length="3.00" nVehEntered="1"/>
    <interval begin="180.00" end="240.00" id="e1det_1si_0" nVehContrib="0" flow="0.00" occupancy="0.00" speed="-1.00" length="-1.00" nVehEntered="0"/>
    <interval begin="180.00" end="240.00" id="e1det_1si_1" nVehContrib="3" flow="180.00" occupancy="1.71" speed="10.16" length="3.00" nVehEntered="3"/>
    <interval begin="180.00" end="240.00" id="e1det_1si_2" nVehContrib="2" flow="120.00" occupancy="7.35" speed="1.81" length="3.00" nVehEntered="2"/>
    <interval begin="180.00" end="240.00" id="e1det_2si_0" nVehContrib="1" flow="60.00" occupancy="4.56" speed="1.10" length="3.00" nVehEntered="1"/>
    <interval begin="180.00" end="240.00" id="e1det_2si_1" nVehContrib="2" flow="120.00" occupancy="1.36" speed="8.74" length="3.00" nVehEntered="2"/>
    <interval begin="180.00" end="240.00" id="e1det_2si_2" nVehContrib="0" flow="0.00" occupancy="0.00" speed="-1.00" length="-1.00" nVehEntered="0"/>
    <interval begin="180.00" end="240.00" id="e1det_3si_0" nVehContrib="2" flow="120.00" occupancy="1.50" speed="7.78" length="3.00" nVehEntered="2"/>
    <interval begin="180.00" end="240.00" id="e1det_3si_1" nVehContrib="2" flow="120.00" occupancy="1.24" speed="9.22" length="3.00" nVehEntered="2"/>
    <interval begin="180.00" end="240.00" id="e1det_3si_2" nVehContrib="0" flow="0.00" occupancy="0.00" speed="-1.00" length="-1.00" nVehEntered="0"/>
    <interval begin="180.00" end="240.00" id="e1det_4si_0" nVehContrib="0" flow="0.00" occupancy="0.00" speed="-1.00" length="-1.00" nVehEntered="0"/>
    <interval begin="180.00" end="240.00" id="e1det_4si_1" nVehContrib="0" flow="0.00" occupancy="0.00" speed="-1.00" length="-1.00" nVehEntered="0"/>
    <interval begin="180.00" end="240.00" id="e1det_4si_2" nVehContrib="1" flow="60.00" occupancy="1.11" speed="4.52" length="3.00" nVehEntered="1"/>
    <interval begin="240.00" end="300.00" id="e1det_1si_0" nVehContrib="0" flow="0.00" occupancy="0.00" speed="-1.00" length="-1.00" nVehEntered="0"/>
    <interval begin="240.00" end="300.00" id="e1det_1si_1" nVehContrib="2" flow="120.00" occupancy="1.50" speed="8.49" length="3.00" nVehEntered="2"/>
    <interval begin="240.00" end="300.00" id="e1det_1si_2" nVehContrib="2" flow="120.00" occupancy="6.41" speed="1.96" length="3.00" nVehEntered="2"/>
    <interval begin="240.00" end="300.00" id="e1det_2si_0" nVehContrib="3" flow="180.00" occupancy="7.43" speed="3.27" length="3.00" nVehEntered="3"/>
    <interval begin="240.00" end="300.00" id="e1det_2si_1" nVehContrib="2" flow="120.00" occupancy="5.01" speed="2.16" length="3.00" nVehEntered="3"/>
    <interval begin="240.00" end="300.00" id="e1det_2si_2" nVehContrib="1" flow="60.00" occupancy="1.03" speed="4.86" length="3.00" nVehEntered="1"/>
    <interval begin="240.00" end="300.00" id="e1det_3si_0" nVehContrib="2" flow="120.00" occupancy="5.73" speed="2.83" length="3.00" nVehEntered="2"/>
    <interval begin="240.00" end="300.00" id="e1det_3si_1" nVehContrib="1" flow="60.00" occupancy="4.61" speed="4.90" length="3.00" nVehEntered="2"/>
    <interval begin="240.00" end="300.00" id="e1det_3si_2" nVehContrib="0" flow="0.00" occupancy="0.00" speed="-1.00" length="-1.00" nVehEntered="0"/>
    <interval begin="240.00" end="300.00" id="e1det_4si_0" nVehContrib="2" flow="120.00" occupancy="5.67" speed="2.79" length="3.00" nVehEntered="2"/>
    <interval begin="240.00" end="300.00" id="e1det_4si_1" nVehContrib="3" flow="180.00" occupancy="1.80" speed="10.27" length="3.00" nVehEntered="3"/>
    <interval begin="240.00" end="300.00" id="e1det_4si_2" nVehContrib="1" flow="60.00" occupancy="5.31" speed="0.94" length="3.00" nVehEntered="1"/>
    <interval begin="300.00" end="360.00" id="e1det_1si_0" nVehContrib="0" flow="0.00" occupancy="0.00" speed="-1.00" length="-1.00" nVehEntered="0"/>
    <interval begin="300.00" end="360.00" id="e1det_1si_1" nVehContrib="2" flow="120.00" occupancy="0.75" speed="13.30" length="3.00" nVehEntered="2"/>
    <interval begin="300.00" end="360.00" id="e1det_1si_2" nVehContrib="0" flow="0.00" occupancy="0.00" speed="-1.00" length="-1.00" nVehEntered="0"/>
    <interval begin="300.00" end="360.00" id="e1det_2si_0" nVehContrib="2" flow="120.00" occupancy="6.00" speed="2.78" length="3.00" nVehEntered="2"/>
    <interval begin="300.00" end="360.00" id="e1det_2si_1" nVehContrib="2" flow="120.00" occupancy="26.17" speed="6.99" length="3.00" nVehEntered="2"/>
    <interval begin="300.00" end="360.00" id="e1det_2si_2" nVehContrib="1" flow="60.00" occupancy="1.06" speed="4.70" length="3.00" nVehEntered="1"/>
    <interval begin="300.00" end="360.00" id="e1det_3si_0" nVehContrib="2" flow="120.00" occupancy="1.48" speed="8.68" length="3.00" nVehEntered="2"/>
    <interval begin="300.00" end="360.00" id="e1det_3si_1" nVehContrib="3" flow="180.00" occupancy="1.82" speed="6.53" length="3.00" nVehEntered="2"/>
    <interval begin="300.00" end="360.00" id="e1det_3si_2" nVehContrib="0" flow="0.00" occupancy="0.00" speed="-1.00" length="-1.00" nVehEntered="0"/>
    <interval begin="300.00" end="360.00" id="e1det_4si_0" nVehContrib="1" flow="60.00" occupancy="0.96" speed="5.19" length="3.00" nVehEntered="1"/>
    <interval begin="300.00" end="360.00" id="e1det_4si_1" nVehContrib="2" flow="120.00" occupancy="0.82" speed="12.21" length="3.00" nVehEntered="2"/>
    <interval begin="300.00" end="360.00" id="e1det_4si_2" nVehContrib="2" flow="120.00" occupancy="6.29" speed="2.95" length="3.00" nVehEntered="2"/>
    <interval begin="360.00" end="420.00" id="e1det_1si_0" nVehContrib="2" flow="120.00" occupancy="6.44" speed="2.83" length="3.00" nVehEntered="2"/>
    <interval begin="360.00" end="420.00" id="e1det_1si_1" nVehContrib="0" flow="0.00" occupancy="0.00" speed="-1.00" length="-1.00" nVehEntered="0"/>
    <interval begin="360.00" end="420.00" id="e1det_1si_2" nVehContrib="2" flow="120.00" occupancy="6.84" speed="1.83" length="3.00" nVehEntered="2"/>
    <interval begin="360.00" end="420.00" id="e1det_2si_0" nVehContrib="3" flow="180.00" occupancy="7.67" speed="3.21" length="3.00" nVehEntered="3"/>
    <interval begin="360.00" end="420.00" id="e1det_2si_1" nVehContrib="2" flow="120.00" occupancy="2.09" speed="4.78" length="3.00" nVehEntered="2"/>
    <interval begin="360.00" end="420.00" id="e1det_2si_2" nVehContrib="1" flow="60.00" occupancy="5.10" speed="0.98" length="3.00" nVehEntered="1"/>
    <interval begin="360.00" end="420.00" id="e1det_3si_0" nVehContrib="2" flow="120.00" occupancy="1.27" speed="9.32" length="3.00" nVehEntered="2"/>
    <interval begin="360.00" end="420.00" id="e1det_3si_1" nVehContrib="1" flow="60.00" occupancy="0.40" speed="12.39" length="3.00" nVehEntered="1"/>
    <interval begin="360.00" end="420.00" id="e1det_3si_2" nVehContrib="1" flow="60.00" occupancy="1.07" speed="4.67" length="3.00" nVehEntered="1"/>
    <interval begin="360.00" end="420.00" id="e1det_4si_0" nVehContrib="2" flow="120.00" occupancy="6.94" speed="1.81" length="3.00" nVehEntered="2"/>
    <interval begin="360.00" end="420.00" id="e1det_4si_1" nVehContrib="3" flow="180.00" occupancy="1.84" speed="10.08" length="3.00" nVehEntered="3"/>
    <interval begin="360.00" end="420.00" id="e1det_4si_2" nVehContrib="2" flow="120.00" occupancy="6.39" speed="3.20" length="3.00" nVehEntered="2"/>
    <interval begin="420.00" end="480.00" id="e1det_1si_0" nVehContrib="1" flow="60.00" occupancy="0.90" speed="5.56" length="3.00" nVehEntered="1"/>
    <interval begin="420.00" end="480.00" id="e1det_1si_1" nVehContrib="3" flow="180.00" occupancy="1.84" speed="10.20" length="3.00" nVehEntered="3"/>
    <interval begin="420.00" end="480.00" id="e1det_1si_2" nVehContrib="2" flow="120.00" occupancy="6.69" speed="1.74" length="3.00" nVehEntered="2"/>
    <interval begin="420.00" end="480.00" id="e1det_2si_0" nVehContrib="1" flow="60.00" occupancy="0.78" speed="6.40" length="3.00" nVehEntered="1"/>
    <interval begin="420.00" end="480.00" id="e1det_2si_1" nVehContrib="1" flow="60.00" occupancy="0.94" speed="5.30" length="3.00" nVehEntered="1"/>
    <interval begin="420.00" end="480.00" id="e1det_2si_2" nVehContrib="2" flow="120.00" occupancy="5.98" speed="2.99" length="3.00" nVehEntered="2"/>
    <interval begin="420.00" end="480.00" id="e1det_3si_0" nVehContrib="2" flow="120.00" occupancy="5.16" speed="6.73" length="3.00" nVehEntered="2"/>
    <interval begin="420.00" end="480.00" id="e1det_3si_1" nVehContrib="3" flow="180.00" occupancy="6.40" speed="3.52" length="3.00" nVehEntered="3"/>
    <interval begin="420.00" end="480.00" id="e1det_3si_2" nVehContrib="2" flow="120.00" occupancy="6.36" speed="2.79" length="3.00" nVehEntered="2"/>
    <interval begin="420.00" end="480.00" id="e1det_4si_0" nVehContrib="2" flow="120.00" occupancy="5.84" speed="3.46" length="3.00" nVehEntered="2"/>
    <interval begin="420.00" end="480.00" id="e1det_4si_1" nVehContrib="2" flow="120.00" occupancy="0.76" speed="13.20" length="3.00" nVehEntered="2"/>
    <interval begin="420.00" end="480.00" id="e1det_4si_2" nVehContrib="2" flow="120.00" occupancy="6.54" speed="2.84" length="3.00" nVehEntered="2"/>
    <interval begin="480.00" end="540.00" id="e1det_1si_0" nVehContrib="2" flow="120.00" occupancy="6.90" speed="2.01" length="3.00" nVehEntered="3"/>
    <interval begin="480.00" end="540.00" id="e1det_1si_1" nVehContrib="2" flow="120.00" occupancy="0.81" speed="12.29" length="3.00" nVehEntered="2"/>
    <interval begin="480.00" end="540.00" id="e1det_1si_2" nVehContrib="2" flow="120.00" occupancy="7.50" speed="1.72" length="3.00" nVehEntered="2"/>
    <interval begin="480.00" end="540.00" id="e1det_2si_0" nVehContrib="1" flow="60.00" occupancy="5.36" speed="0.95" length="3.00" nVehEntered="2"/>
    <interval begin="480.00" end="540.00" id="e1det_2si_1" nVehContrib="3" flow="180.00" occupancy="6.16" speed="6.53" length="3.00" nVehEntered="3"/>
    <interval begin="480.00" end="540.00" id="e1det_2si_2" nVehContrib="2" flow="120.00" occupancy="5.41" speed="2.95" length="3.00" nVehEntered="2"/>
    <interval begin="480.00" end="540.00" id="e1det_3si_0" nVehContrib="2" flow="120.00" occupancy="1.26" speed="9.09" length="3.00" nVehEntered="2"/>
    <interval begin="480.00" end="540.00" id="e1det_3si_1" nVehContrib="2" flow="120.00" occupancy="5.64" speed="6.71" length="3.00" nVehEntered="2"/>
    <interval begin="480.00" end="540.00" id="e1det_3si_2" nVehContrib="1" flow="60.00" occupancy="1.07" speed="4.66" length="3.00" nVehEntered="1"/>
    <interval begin="480.00" end="540.00" id="e1det_4si_0" nVehContrib="3" flow="180.00" occupancy="8.08" speed="2.75" length="3.00" nVehEntered="3"/>
    <interval begin="480.00" end="540.00" id="e1det_4si_1" nVehContrib="0" flow="0.00" occupancy="0.00" speed="-1.00" length="-1.00" nVehEntered="0"/>
    <interval begin="480.00" end="540.00" id="e1det_4si_2" nVehContrib="1" flow="60.00" occupancy="1.10" speed="4.54" length="3.00" nVehEntered="1"/>
    <interval begin="540.00" end="600.00" id="e1det_1si_0" nVehContrib="2" flow="120.00" occupancy="5.20" speed="3.18" length="3.00" nVehEntered="1"/>
    <interval begin="540.00" end="600.00" id="e1det_1si_1" nVehContrib="3" flow="180.00" occupancy="1.88" speed="9.78" length="3.00" nVehEntered="3"/>
    <interval begin="540.00" end="600.00" id="e1det_1si_2" nVehContrib="2" flow="120.00" occupancy="6.19" speed="1.88" length="3.00" nVehEntered="2"/>
    <interval begin="540.00" end="600.00" id="e1det_2si_0" nVehContrib="3" flow="180.00" occupancy="6.92" speed="4.46" length="3.00" nVehEntered="2"/>
    <interval begin="540.00" end="600.00" id="e1det_2si_1" nVehContrib="2" flow="120.00" occupancy="1.59" speed="6.72" length="3.00" nVehEntered="2"/>
    <interval begin="540.00" end="600.00" id="e1det_2si_2" nVehContrib="2" flow="120.00" occupancy="5.55" speed="2.88" length="3.00" nVehEntered="2"/>
    <interval begin="540.00" end="600.00" id="e1det_3si_0" nVehContrib="2" flow="120.00" occupancy="5.42" speed="2.89" length="3.00" nVehEntered="2"/>
    <interval begin="540.00" end="600.00" id="e1det_3si_1" nVehContrib="2" flow="120.00" occupancy="3.26" speed="3.49" length="3.00" nVehEntered="2"/>
    <interval begin="540.00" end="600.00" id="e1det_3si_2" nVehContrib="1" flow="60.00" occupancy="4.14" speed="1.21" length="3.00" nVehEntered="1"/>
    <interval begin="540.00" end="600.00" id="e1det_4si_0" nVehContrib="2" flow="120.00" occupancy="6.30" speed="2.87" length="3.00" nVehEntered="2"/>
    <interval begin="540.00" end="600.00" id="e1det_4si_1" nVehContrib="2" flow="120.00" occupancy="0.79" speed="12.68" length="3.00" nVehEntered="2"/>
    <interval begin="540.00" end="600.00" id="e1det_4si_2" nVehContrib="1" flow="60.00" occupancy="4.93" speed="1.01" length="3.00" nVehEntered="1"/>
    <interval begin="600.00" end="660.00" id="e1det_1si_0" nVehContrib="3" flow="180.00" occupancy="7.81" speed="3.00" length="3.00" nVehEntered="3"/>
    <interval begin="600.00" end="660.00" id="e1det_1si_1" nVehContrib="2" flow="120.00" occupancy="0.80" speed="12.46" length="3.00" nVehEntered="2"/>
    <interval begin="600.00" end="660.00" id="e1det_1si_2" nVehContrib="0" flow="0.00" occupancy="0.00" speed="-1.00" length="-1.00" nVehEntered="0"/>
    <interval begin="600.00" end="660.00" id="e1det_2si_0" nVehContrib="2" flow="120.00" occupancy="6.18" speed="2.77" length="3.00" nVehEntered="2"/>
    <interval begin="600.00" end="660.00" id="e1det_2si_1" nVehContrib="2" flow="120.00" occupancy="6.66" speed="6.78" length="3.00" nVehEntered="2"/>
    <interval begin="600.00" end="660.00" id="e1det_2si_2" nVehContrib="1" flow="60.00" occupancy="1.08" speed="4.63" length="3.00" nVehEntered="1"/>
    <interval begin="600.00" end="660.00" id="e1det_3si_0" nVehContrib="2" flow="120.00" occupancy="1.26" speed="9.60" length="3.00" nVehEntered="2"/>
    <interval begin="600.00" end="660.00" id="e1det_3si_1" nVehContrib="1" flow="60.00" occupancy="11.01" speed="2.36" length="3.00" nVehEntered="2"/>
    <interval begin="600.00" end="660.00" id="e1det_3si_2" nVehContrib="2" flow="120.00" occupancy="6.38" speed="2.75" length="3.00" nVehEntered="2"/>
    <interval begin="600.00" end="660.00" id="e1det_4si_0" nVehContrib="1" flow="60.00" occupancy="0.93" speed="5.38" length="3.00" nVehEntered="1"/>
    <interval begin="600.00" end="660.00" id="e1det_4si_1" nVehContrib="3" flow="180.00" occupancy="1.21" speed="12.37" length="3.00" nVehEntered="3"/>
    <interval begin="600.00" end="660.00" id="e1det_4si_2" nVehContrib="2" flow="120.00" occupancy="6.30" speed="2.84" length="3.00" nVehEntered="2"/>
    <interval begin="660.00" end="720.00" id="e1det_1si_0" nVehContrib="2" flow="120.00" occupancy="5.63" speed="2.85" length="3.00" nVehEntered="2"/>
    <interval begin="660.00" end="720.00" id="e1det_1si_1" nVehContrib="0" flow="0.00" occupancy="0.00" speed="-1.00" length="-1.00" nVehEntered="0"/>
    <interval begin="660.00" end="720.00" id="e1det_1si_2" nVehContrib="2" flow="120.00" occupancy="6.92" speed="1.82" length="3.00" nVehEntered="2"/>
    <interval begin="660.00" end="720.00" id="e1det_2si_0" nVehContrib="3" flow="180.00" occupancy="6.44" speed="5.49" length="3.00" nVehEntered="3"/>
    <interval begin="660.00" end="720.00" id="e1det_2si_1" nVehContrib="2" flow="120.00" occupancy="1.47" speed="7.49" length="3.00" nVehEntered="2"/>
    <interval begin="660.00" end="720.00" id="e1det_2si_2" nVehContrib="1" flow="60.00" occupancy="4.37" speed="1.14" length="3.00" nVehEntered="1"/>
    <interval begin="660.00" end="720.00" id="e1det_3si_0" nVehContrib="2" flow="120.00" occupancy="1.33" speed="9.36" length="3.00" nVehEntered="2"/>
    <interval begin="660.00" end="720.00" id="e1det_3si_1" nVehContrib="2" flow="120.00" occupancy="17.83" speed="6.79" length="3.00" nVehEntered="1"/>
    <interval begin="660.00" end="720.00" id="e1det_3si_2" nVehContrib="2" flow="120.00" occupancy="6.11" speed="2.89" length="3.00" nVehEntered="2"/>
    <interval begin="660.00" end="720.00" id="e1det_4si_0" nVehContrib="2" flow="120.00" occupancy="7.26" speed="1.75" length="3.00" nVehEntered="2"/>
    <interval begin="660.00" end="720.00" id="e1det_4si_1" nVehContrib="2" flow="120.00" occupancy="0.76" speed="13.09" length="3.00" nVehEntered="2"/>
    <interval begin="660.00" end="720.00" id="e1det_4si_2" nVehContrib="2" flow="120.00" occupancy="5.77" speed="2.76" length="3.00" nVehEntered="2"/>
    <interval begin="720.00" end="780.00" id="e1det_1si_0" nVehContrib="1" flow="60.00" occupancy="4.38" speed="4.73" length="3.00" nVehEntered="2"/>
    <interval begin="720.00" end="780.00" id="e1det_1si_1" nVehContrib="3" flow="180.00" occupancy="1.80" speed="10.28" length="3.00" nVehEntered="3"/>
    <interval begin="720.00" end="780.00" id="e1det_1si_2" nVehContrib="2" flow="120.00" occupancy="6.37" speed="1.80" length="3.00" nVehEntered="2"/>
    <interval begin="720.00" end="780.00" id="e1det_2si_0" nVehContrib="1" flow="60.00" occupancy="4.35" speed="4.87" length="3.00" nVehEntered="2"/>
    <interval begin="720.00" end="780.00" id="e1det_2si_1" nVehContrib="1" flow="60.00" occupancy="4.16" speed="5.96" length="3.00" nVehEntered="2"/>
    <interval begin="720.00" end="780.00" id="e1det_2si_2" nVehContrib="2" flow="120.00" occupancy="6.16" speed="2.71" length="3.00" nVehEntered="2"/>
    <interval begin="720.00" end="780.00" id="e1det_3si_0" nVehContrib="2" flow="120.00" occupancy="4.99" speed="7.00" length="3.00" nVehEntered="2"/>
    <interval begin="720.00" end="780.00" id="e1det_3si_1" nVehContrib="3" flow="180.00" occupancy="2.55" speed="6.23" length="3.00" nVehEntered="3"/>
    <interval begin="720.00" end="780.00" id="e1det_3si_2" nVehContrib="2" flow="120.00" occupancy="6.01" speed="2.97" length="3.00" nVehEntered="2"/>
    <interval begin="720.00" end="780.00" id="e1det_4si_0" nVehContrib="2" flow="120.00" occupancy="6.05" speed="2.85" length="3.00" nVehEntered="2"/>
    <interval begin="720.00" end="780.00" id="e1det_4si_1" nVehContrib="3" flow="180.00" occupancy="1.70" speed="10.19" length="3.00" nVehEntered="3"/>
    <interval begin="720.00" end="780.00" id="e1det_4si_2" nVehContrib="2" flow="120.00" occupancy="6.12" speed="2.84" length="3.00" nVehEntered="2"/>
    <interval begin="780.00" end="840.00" id="e1det_1si_0" nVehContrib="3" flow="180.00" occupancy="4.80" speed="2.85" length="3.00" nVehEntered="2"/>
    <interval begin="780.00" end="840.00" id="e1det_1si_1" nVehContrib="2" flow="120.00" occupancy="0.81" speed="12.33" length="3.00" nVehEntered="2"/>
    <interval begin="780.00" end="840.00" id="e1det_1si_2" nVehContrib="2" flow="120.00" occupancy="7.19" speed="1.70" length="3.00" nVehEntered="2"/>
    <interval begin="780.00" end="840.00" id="e1det_2si_0" nVehContrib="2" flow="120.00" occupancy="1.99" speed="2.94" length="3.00" nVehEntered="1"/>
    <interval begin="780.00" end="840.00" id="e1det_2si_1" nVehContrib="3" flow="180.00" occupancy="3.44" speed="6.17" length="3.00" nVehEntered="2"/>
    <interval begin="780.00" end="840.00" id="e1det_2si_2" nVehContrib="2" flow="120.00" occupancy="5.81" speed="2.87" length="3.00" nVehEntered="2"/>
    <interval begin="780.00" end="840.00" id="e1det_3si_0" nVehContrib="2" flow="120.00" occupancy="1.33" speed="8.86" length="3.00" nVehEntered="2"/>
    <interval begin="780.00" end="840.00" id="e1det_3si_1" nVehContrib="2" flow="120.00" occupancy="5.06" speed="6.73" length="3.00" nVehEntered="2"/>
    <interval begin="780.00" end="840.00" id="e1det_3si_2" nVehContrib="1" flow="60.00" occupancy="1.11" speed="4.52" length="3.00" nVehEntered="1"/>
    <interval begin="780.00" end="840.00" id="e1det_4si_0" nVehContrib="3" flow="180.00" occupancy="7.47" speed="2.81" length="3.00" nVehEntered="3"/>
    <interval begin="780.00" end="840.00" id="e1det_4si_1" nVehContrib="2" flow="120.00" occupancy="0.82" speed="12.23" length="3.00" nVehEntered="2"/>
    <interval begin="780.00" end="840.00" id="e1det_4si_2" nVehContrib="1" flow="60.00" occupancy="0.87" speed="5.76" length="3.00" nVehEntered="1"/>
    <interval begin="840.00" end="900.00" id="e1det_1si_0" nVehContrib="1" flow="60.00" occupancy="4.66" speed="1.07" length="3.00" nVehEntered="1"/>
    <interval begin="840.00" end="900.00" id="e1det_1si_1" nVehContrib="3" flow="180.00" occupancy="1.78" speed="10.25" length="3.00" nVehEntered="3"/>
    <interval begin="840.00" end="900.00" id="e1det_1si_2" nVehContrib="2" flow="120.00" occupancy="6.82" speed="1.84" length="3.00" nVehEntered="2"/>
    <interval begin="840.00" end="900.00" id="e1det_2si_0" nVehContrib="2" flow="120.00" occupancy="5.00" speed="6.35" length="3.00" nVehEntered="2"/>
    <interval begin="840.00" end="900.00" id="e1det_2si_1" nVehContrib="2" flow="120.00" occupancy="1.51" speed="8.21" length="3.00" nVehEntered="2"/>
    <interval begin="840.00" end="900.00" id="e1det_2si_2" nVehContrib="2" flow="120.00" occupancy="5.52" speed="3.60" length="3.00" nVehEntered="2"/>
    <interval begin="840.00" end="900.00" id="e1det_3si_0" nVehContrib="2" flow="120.00" occupancy="3.88" speed="3.70" length="3.00" nVehEntered="2"/>
    <interval begin="840.00" end="900.00" id="e1det_3si_1" nVehContrib="2" flow="120.00" occupancy="1.72" speed="6.12" length="3.00" nVehEntered="2"/>
    <interval begin="840.00" end="900.00" id="e1det_3si_2" nVehContrib="1" flow="60.00" occupancy="5.04" speed="0.99" length="3.00" nVehEntered="1"/>
    <interval begin="840.00" end="900.00" id="e1det_4si_0" nVehContrib="2" flow="120.00" occupancy="6.23" speed="2.91" length="3.00" nVehEntered="2"/>
    <interval begin="840.00" end="900.00" id="e1det_4si_1" nVehContrib="0" flow="0.00" occupancy="0.00" speed="-1.00" length="-1.00" nVehEntered="0"/>
    <interval begin="840.00" end="900.00" id="e1det_4si_2" nVehContrib="1" flow="60.00" occupancy="4.79" speed="1.04" length="3.00" nVehEntered="1"/>
    <interval begin="900.00" end="960.00" id="e1det_1si_0" nVehContrib="3" flow="180.00" occupancy="8.19" speed="2.86" length="3.00" nVehEntered="3"/>
    <interval begin="900.00" end="960.00" id="e1det_1si_1" nVehContrib="2" flow="120.00" occupancy="0.94" speed="11.00" length="3.00" nVehEntered="2"/>
    <interval begin="900.00" end="960.00" id="e1det_1si_2" nVehContrib="0" flow="0.00" occupancy="4.99" speed="-1.00" length="-1.00" nVehEntered="1"/>
    <interval begin="900.00" end="960.00" id="e1det_2si_0" nVehContrib="2" flow="120.00" occupancy="5.92" speed="3.61" length="3.00" nVehEntered="2"/>
    <interval begin="900.00" end="960.00" id="e1det_2si_1" nVehContrib="2" flow="120.00" occupancy="5.68" speed="6.57" length="3.00" nVehEntered="2"/>
    <interval begin="900.00" end="960.00" id="e1det_2si_2" nVehContrib="2" flow="120.00" occupancy="5.83" speed="3.16" length="3.00" nVehEntered="2"/>
    <interval begin="900.00" end="960.00" id="e1det_3si_0" nVehContrib="1" flow="60.00" occupancy="1.10" speed="4.56" length="3.00" nVehEntered="1"/>
    <interval begin="900.00" end="960.00" id="e1det_3si_1" nVehContrib="1" flow="60.00" occupancy="1.08" speed="4.64" length="3.00" nVehEntered="1"/>
    <interval begin="900.00" end="960.00" id="e1det_3si_2" nVehContrib="2" flow="120.00" occupancy="5.48" speed="3.64" length="3.00" nVehEntered="2"/>
    <interval begin="900.00" end="960.00" id="e1det_4si_0" nVehContrib="1" flow="60.00" occupancy="1.09" speed="4.59" length="3.00" nVehEntered="1"/>
    <interval begin="900.00" end="960.00" id="e1det_4si_1" nVehContrib="3" flow="180.00" occupancy="1.86" speed="10.05" length="3.00" nVehEntered="3"/>
    <interval begin="900.00" end="960.00" id="e1det_4si_2" nVehContrib="2" flow="120.00" occupancy="5.81" speed="3.53" length="3.00" nVehEntered="2"/>
    <interval begin="960.00" end="1020.00" id="e1det_1si_0" nVehContrib="2" flow="120.00" occupancy="6.36" speed="2.88" length="3.00" nVehEntered="2"/>
    <interval begin="960.00" end="1020.00" id="e1det_1si_1" nVehContrib="0" flow="0.00" occupancy="0.00" speed="-1.00" length="-1.00" nVehEntered="0"/>
    <interval begin="960.00" end="1020.00" id="e1det_1si_2" nVehContrib="2" flow="120.00" occupancy="1.98" speed="1.80" length="3.00" nVehEntered="1"/>
    <interval begin="960.00" end="1020.00" id="e1det_2si_0" nVehContrib="2" flow="120.00" occupancy="6.04" speed="2.91" length="3.00" nVehEntered="2"/>
    <interval begin="960.00" end="1020.00" id="e1det_2si_1" nVehContrib="2" flow="120.00" occupancy="1.47" speed="8.48" length="3.00" nVehEntered="2"/>
    <interval begin="960.00" end="1020.00" id="e1det_2si_2" nVehContrib="1" flow="60.00" occupancy="1.03" speed="4.84" length="3.00" nVehEntered="1"/>
    <interval begin="960.00" end="1020.00" id="e1det_3si_0" nVehContrib="3" flow="180.00" occupancy="6.03" speed="6.36" length="3.00" nVehEntered="3"/>
    <interval begin="960.00" end="1020.00" id="e1det_3si_1" nVehContrib="3" flow="180.00" occupancy="8.14" speed="5.93" length="3.00" nVehEntered="3"/>
    <interval begin="960.00" end="1020.00" id="e1det_3si_2" nVehContrib="2" flow="120.00" occupancy="5.38" speed="3.06" length="3.00" nVehEntered="2"/>
    <interval begin="960.00" end="1020.00" id="e1det_4si_0" nVehContrib="2" flow="120.00" occupancy="6.23" speed="1.83" length="3.00" nVehEntered="2"/>
    <interval begin="960.00" end="1020.00" id="e1det_4si_1" nVehContrib="2" flow="120.00" occupancy="0.75" speed="13.40" length="3.00" nVehEntered="2"/>
    <interval begin="960.00" end="1020.00" id="e1det_4si_2" nVehContrib="2" flow="120.00" occupancy="6.13" speed="2.90" length="3.00" nVehEntered="2"/>
    <interval begin="1020.00" end="1080.00" id="e1det_1si_0" nVehContrib="2" flow="120.00" occupancy="7.56" speed="2.75" length="3.00" nVehEntered="3"/>
    <interval begin="1020.00" end="1080.00" id="e1det_1si_1" nVehContrib="3" flow="180.00" occupancy="1.84" speed="9.95" length="3.00" nVehEntered="3"/>
    <interval begin="1020.00" end="1080.00" id="e1det_1si_2" nVehContrib="2" flow="120.00" occupancy="6.54" speed="1.96" length="3.00" nVehEntered="2"/>
    <interval begin="1020.00" end="1080.00" id="e1det_2si_0" nVehContrib="2" flow="120.00" occupancy="6.93" speed="3.01" length="3.00" nVehEntered="3"/>
    <interval begin="1020.00" end="1080.00" id="e1det_2si_1" nVehContrib="2" flow="120.00" occupancy="5.48" speed="3.58" length="3.00" nVehEntered="2"/>
    <interval begin="1020.00" end="1080.00" id="e1det_2si_2" nVehContrib="1" flow="60.00" occupancy="4.30" speed="1.16" length="3.00" nVehEntered="1"/>
    <interval begin="1020.00" end="1080.00" id="e1det_3si_0" nVehContrib="2" flow="120.00" occupancy="1.75" speed="5.85" length="3.00" nVehEntered="2"/>
    <interval begin="1020.00" end="1080.00" id="e1det_3si_1" nVehContrib="2" flow="120.00" occupancy="1.34" speed="8.92" length="3.00" nVehEntered="2"/>
    <interval begin="1020.00" end="1080.00" id="e1det_3si_2" nVehContrib="2" flow="120.00" occupancy="6.05" speed="3.02" length="3.00" nVehEntered="2"/>
    <interval begin="1020.00" end="1080.00" id="e1det_4si_0" nVehContrib="2" flow="120.00" occupancy="5.41" speed="2.97" length="3.00" nVehEntered="2"/>
    <interval begin="1020.00" end="1080.00" id="e1det_4si_1" nVehContrib="3" flow="180.00" occupancy="1.61" speed="10.39" length="3.00" nVehEntered="3"/>
    <interval begin="1020.00" end="1080.00" id="e1det_4si_2" nVehContrib="2" flow="120.00" occupancy="5.42" speed="3.24" length="3.00" nVehEntered="2"/>
    <interval begin="1080.00" end="1140.00" id="e1det_1si_0" nVehContrib="2" flow="120.00" occupancy="2.03" speed="3.71" length="3.00" nVehEntered="1"/>
    <interval begin="1080.00" end="1140.00" id="e1det_1si_1" nVehContrib="2" flow="120.00" occupancy="1.28" speed="9.04" length="3.00" nVehEntered="2"/>
    <interval begin="1080.00" end="1140.00" id="e1det_1si_2" nVehContrib="2" flow="120.00" occupancy="7.66" speed="1.77" length="3.00" nVehEntered="2"/>
    <interval begin="1080.00" end="1140.00" id="e1det_2si_0" nVehContrib="2" flow="120.00" occupancy="1.11" speed="3.90" length="3.00" nVehEntered="1"/>
    <interval begin="1080.00" end="1140.00" id="e1det_2si_1" nVehContrib="2" flow="120.00" occupancy="1.34" speed="8.97" length="3.00" nVehEntered="2"/>
    <interval begin="1080.00" end="1140.00" id="e1det_2si_2" nVehContrib="2" flow="120.00" occupancy="5.83" speed="2.91" length="3.00" nVehEntered="2"/>
    <interval begin="1080.00" end="1140.00" id="e1det_3si_0" nVehContrib="2" flow="120.00" occupancy="5.31" speed="7.14" length="3.00" nVehEntered="2"/>
    <interval begin="1080.00" end="1140.00" id="e1det_3si_1" nVehContrib="2" flow="120.00" occupancy="6.78" speed="6.62" length="3.00" nVehEntered="2"/>
    <interval begin="1080.00" end="1140.00" id="e1det_3si_2" nVehContrib="1" flow="60.00" occupancy="1.05" speed="4.78" length="3.00" nVehEntered="1"/>
    <interval begin="1080.00" end="1140.00" id="e1det_4si_0" nVehContrib="2" flow="120.00" occupancy="5.67" speed="3.09" length="3.00" nVehEntered="2"/>
    <interval begin="1080.00" end="1140.00" id="e1det_4si_1" nVehContrib="2" flow="120.00" occupancy="0.76" speed="13.11" length="3.00" nVehEntered="2"/>
    <interval begin="1080.00" end="1140.00" id="e1det_4si_2" nVehContrib="1" flow="60.00" occupancy="0.96" speed="5.21" length="3.00" nVehEntered="1"/>
    <interval begin="1140.00" end="1200.00" id="e1det_1si_0" nVehContrib="1" flow="60.00" occupancy="4.64" speed="1.08" length="3.00" nVehEntered="1"/>
    <interval begin="1140.00" end="1200.00" id="e1det_1si_1" nVehContrib="3" flow="180.00" occupancy="1.84" speed="10.16" length="3.00" nVehEntered="3"/>
    <interval begin="1140.00" end="1200.00" id="e1det_1si_2" nVehContrib="2" flow="120.00" occupancy="7.01" speed="1.84" length="3.00" nVehEntered="2"/>
    <interval begin="1140.00" end="1200.00" id="e1det_2si_0" nVehContrib="1" flow="60.00" occupancy="4.47" speed="1.12" length="3.00" nVehEntered="1"/>
    <interval begin="1140.00" end="1200.00" id="e1det_2si_1" nVehContrib="2" flow="120.00" occupancy="1.44" speed="9.16" length="3.00" nVehEntered="2"/>
    <interval begin="1140.00" end="1200.00" id="e1det_2si_2" nVehContrib="2" flow="120.00" occupancy="5.79" speed="2.91" length="3.00" nVehEntered="2"/>
    <interval begin="1140.00" end="1200.00" id="e1det_3si_0" nVehContrib="2" flow="120.00" occupancy="1.57" speed="7.37" length="3.00" nVehEntered="2"/>
    <interval begin="1140.00" end="1200.00" id="e1det_3si_1" nVehContrib="2" flow="120.00" occupancy="1.55" speed="8.27" length="3.00" nVehEntered="2"/>
    <interval begin="1140.00" end="1200.00" id="e1det_3si_2" nVehContrib="1" flow="60.00" occupancy="5.27" speed="0.95" length="3.00" nVehEntered="1"/>
    <interval begin="1140.00" end="1200.00" id="e1det_4si_0" nVehContrib="3" flow="180.00" occupancy="7.68" speed="2.76" length="3.00" nVehEntered="3"/>
    <interval begin="1140.00" end="1200.00" id="e1det_4si_1" nVehContrib="0" flow="0.00" occupancy="0.00" speed="-1.00" length="-1.00" nVehEntered="0"/>
    <interval begin="1140.00" end="1200.00" id="e1det_4si_2" nVehContrib="1" flow="60.00" occupancy="5.06" speed="0.99" length="3.00" nVehEntered="1"/>
    <interval begin="1200.00" end="1219.00" id="e1det_1si_0" nVehContrib="1" flow="189.47" occupancy="3.27" speed="4.83" length="3.00" nVehEntered="1"/>
    <interval begin="1200.00" end="1219.00" id="e1det_1si_1" nVehContrib="0" flow="0.00" occupancy="0.00" speed="-1.00" length="-1.00" nVehEntered="0"/>
    <interval begin="1200.00" end="1219.00" id="e1det_1si_2" nVehContrib="0" flow="0.00" occupancy="0.00" speed="-1.00" length="-1.00" nVehEntered="0"/>
    <interval begin="1200.00" end="1219.00" id="e1det_2si_0" nVehContrib="1" flow="189.47" occupancy="2.88" speed="5.48" length="3.00" nVehEntered="1"/>
    <interval begin="1200.00" end="1219.00" id="e1det_2si_1" nVehContrib="0" flow="0.00" occupancy="0.00" speed="-1.00" length="-1.00" nVehEntered="0"/>
    <interval begin="1200.00" end="1219.00" id="e1det_2si_2" nVehContrib="0" flow="0.00" occupancy="0.00" speed="-1.00" length="-1.00" nVehEntered="0"/>
    <interval begin="1200.00" end="1219.00" id="e1det_3si_0" nVehContrib="0" flow="0.00" occupancy="0.00" speed="-1.00" length="-1.00" nVehEntered="0"/>
    <interval begin="1200.00" end="1219.00" id="e1det_3si_1" nVehContrib="0" flow="0.00" occupancy="0.00" speed="-1.00" length="-1.00" nVehEntered="0"/>
    <interval begin="1200.00" end="1219.00" id="e1det_3si_2" nVehContrib="2" flow="378.95" occupancy="17.74" speed="2.97" length="3.00" nVehEntered="2"/>
    <interval begin="1200.00" end="1219.00" id="e1det_4si_0" nVehContrib="0" flow="0.00" occupancy="0.00" speed="-1.00" length="-1.00" nVehEntered="0"/>
    <interval begin="1200.00" end="1219.00" id="e1det_4si_1" nVehContrib="2" flow="378.95" occupancy="2.50" speed="12.64" length="3.00" nVehEntered="2"/>
    <interval begin="1200.00" end="1219.00" id="e1det_4si_2" nVehContrib="2" flow="378.95" occupancy="17.59" speed="3.14" length="3.00" nVehEntered="2"/>
</detector>
