<?xml version="1.0" encoding="iso-8859-1"?>

<!-- generated on 01/12/11 13:09:24 by SUMO netconvert Version dev-SVN-r9534

<configuration xmlns:xsi="http://www.w3.org/2001/XMLSchema-instance" xsi:noNamespaceSchemaLocation="http://sumo.sf.net/xsd/netconvertConfiguration.xsd">

    <input>
        <xml-node-files value="./sumo/basic/simple_nets/box/box1l/box1l.nod.xml"/>
        <xml-edge-files value="./sumo/basic/simple_nets/box/box1l/box1l.edg.xml"/>
    </input>

    <output>
        <output-file value="./sumo/basic/simple_nets/box/box1l/net.net.xml"/>
    </output>

    <report>
        <verbose value="true"/>
    </report>

</configuration>
-->

<net version="0.13" xmlns:xsi="http://www.w3.org/2001/XMLSchema-instance" xsi:noNamespaceSchemaLocation="http://sumo.sf.net/xsd/net_file.xsd">

    <location netOffset="250.00,250.00" convBoundary="0.00,0.00,500.00,500.00" origBoundary="-250.00,-250.00,250.00,250.00" projParameter="!"/>

    <edge id=":0_0" function="internal">
        <lane id=":0_0_0" index="0" speed="36.00" length="2.58" shape="3.25,1.65 2.55,1.75 2.05,2.05 1.75,2.55 1.65,3.25"/>
    </edge>
    <edge id=":1_0" function="internal">
        <lane id=":1_0_0" index="0" speed="36.00" length="2.58" shape="1.65,496.75 1.75,497.45 2.05,497.95 2.55,498.25 3.25,498.35"/>
    </edge>
    <edge id=":2_0" function="internal">
        <lane id=":2_0_0" index="0" speed="36.00" length="2.58" shape="496.75,498.35 497.45,498.25 497.95,497.95 498.25,497.45 498.35,496.75"/>
    </edge>
    <edge id=":3_0" function="internal">
        <lane id=":3_0_0" index="0" speed="36.00" length="2.58" shape="498.35,3.25 498.25,2.55 497.95,2.05 497.45,1.75 496.75,1.65"/>
    </edge>

    <edge id="0" from="0" to="1" priority="-1">
        <lane id="0_0" index="0" speed="36.00" length="493.50" shape="1.65,3.25 1.65,496.75"/>
    </edge>
    <edge id="1" from="1" to="2" priority="-1">
        <lane id="1_0" index="0" speed="36.00" length="493.50" shape="3.25,498.35 496.75,498.35"/>
    </edge>
    <edge id="2" from="2" to="3" priority="-1">
        <lane id="2_0" index="0" speed="36.00" length="493.50" shape="498.35,496.75 498.35,3.25"/>
    </edge>
    <edge id="3" from="3" to="0" priority="-1">
        <lane id="3_0" index="0" speed="36.00" length="493.50" shape="496.75,1.65 3.25,1.65"/>
    </edge>

    <junction id="0" type="priority" x="0.00" y="0.00" incLanes="3_0" intLanes=":0_0_0" shape="0.05,3.25 3.25,3.25 3.25,0.05">
        <request index="0" response="0" foes="0" cont="0"/>
    </junction>
    <junction id="1" type="priority" x="0.00" y="500.00" incLanes="0_0" intLanes=":1_0_0" shape="3.25,499.95 3.25,496.75 0.05,496.75">
        <request index="0" response="0" foes="0" cont="0"/>
    </junction>
    <junction id="2" type="priority" x="500.00" y="500.00" incLanes="1_0" intLanes=":2_0_0" shape="499.95,496.75 496.75,496.75 496.75,499.95">
        <request index="0" response="0" foes="0" cont="0"/>
    </junction>
    <junction id="3" type="priority" x="500.00" y="0.00" incLanes="2_0" intLanes=":3_0_0" shape="496.75,3.25 499.95,3.25 496.75,0.05 496.75,3.25">
        <request index="0" response="0" foes="0" cont="0"/>
    </junction>

    <connection from="0" to="1" fromLane="0" toLane="0" via=":1_0_0" dir="r" state="M"/>
    <connection from="1" to="2" fromLane="0" toLane="0" via=":2_0_0" dir="r" state="M"/>
    <connection from="2" to="3" fromLane="0" toLane="0" via=":3_0_0" dir="r" state="M"/>
    <connection from="3" to="0" fromLane="0" toLane="0" via=":0_0_0" dir="r" state="M"/>

    <connection from=":0_0" to="0" fromLane="0" toLane="0" dir="s" state="M"/>
    <connection from=":1_0" to="1" fromLane="0" toLane="0" dir="s" state="M"/>
    <connection from=":2_0" to="2" fromLane="0" toLane="0" dir="s" state="M"/>
    <connection from=":3_0" to="3" fromLane="0" toLane="0" dir="s" state="M"/>

</net>
