<?xml version="1.0" encoding="UTF-8"?>
<project-private xmlns="http://www.netbeans.org/ns/project-private/1">
    <editor-bookmarks xmlns="http://www.netbeans.org/ns/editor-bookmarks/2" lastBookmarkId="0"/>
    <open-files xmlns="http://www.netbeans.org/ns/projectui-open-files/2">
        <group>
            <file>file:/home/rgudwin/NetBeansProjects/SUMO-Demo/src/TrafficLight.java</file>
            <file>file:/home/rgudwin/NetBeansProjects/SUMO-Demo/src/SUMO_Proxy.java</file>
            <file>file:/home/rgudwin/NetBeansProjects/SUMO-Demo/src/SUMODemo.java</file>
            <file>file:/home/rgudwin/NetBeansProjects/SUMO-Demo/src/NetworkView.java</file>
            <file>file:/home/rgudwin/NetBeansProjects/SUMO-Demo/nbproject/build-impl.xml</file>
        </group>
    </open-files>
</project-private>
