<?xml version="1.0" encoding="UTF-8"?>

<!-- generated on Tue Feb  5 11:59:43 2013 by SUMO netconvert Version 0.16.0
<?xml version="1.0" encoding="UTF-8"?>

<configuration xmlns:xsi="http://www.w3.org/2001/XMLSchema-instance" xsi:noNamespaceSchemaLocation="http://sumo.sf.net/xsd/netconvertConfiguration.xsd">

    <input>
        <node-files value="manhattan.nod.xml"/>
        <edge-files value="manhattan.edg.xml"/>
        <type-files value="manhattan.typ.xml"/>
    </input>

    <output>
        <output-file value="manhattan.net.xml"/>
    </output>

    <processing>
        <no-turnarounds value="true"/>
    </processing>

    <report>
        <verbose value="true"/>
    </report>

</configuration>
-->

<net version="0.13" xmlns:xsi="http://www.w3.org/2001/XMLSchema-instance" xsi:noNamespaceSchemaLocation="http://sumo.sf.net/xsd/net_file.xsd">

    <location netOffset="0.00,0.00" convBoundary="0.00,0.00,480.00,480.00" origBoundary="0.00,0.00,480.00,480.00" projParameter="!"/>

    <edge id=":b1_0" function="internal">
        <lane id=":b1_0_0" index="0" speed="13.89" length="5.00" shape="118.35,124.75 118.16,123.39 117.57,122.43 116.61,121.84 115.25,121.65"/>
    </edge>
    <edge id=":b1_1" function="internal">
        <lane id=":b1_1_0" index="0" speed="13.89" length="9.50" shape="118.35,124.75 118.35,115.25"/>
    </edge>
    <edge id=":b1_2" function="internal">
        <lane id=":b1_2_0" index="0" speed="13.89" length="3.18" shape="118.35,124.75 118.75,121.95 118.93,121.65"/>
    </edge>
    <edge id=":b1_12" function="internal">
        <lane id=":b1_12_0" index="0" speed="13.89" length="7.14" shape="118.93,121.65 119.95,119.95 121.95,118.75 124.75,118.35"/>
    </edge>
    <edge id=":b1_3" function="internal">
        <lane id=":b1_3_0" index="0" speed="13.89" length="5.00" shape="124.75,121.65 123.39,121.84 122.43,122.43 121.84,123.39 121.65,124.75"/>
    </edge>
    <edge id=":b1_4" function="internal">
        <lane id=":b1_4_0" index="0" speed="13.89" length="9.50" shape="124.75,121.65 115.25,121.65"/>
    </edge>
    <edge id=":b1_5" function="internal">
        <lane id=":b1_5_0" index="0" speed="13.89" length="3.18" shape="124.75,121.65 121.95,121.25 121.65,121.07"/>
    </edge>
    <edge id=":b1_13" function="internal">
        <lane id=":b1_13_0" index="0" speed="13.89" length="7.14" shape="121.65,121.07 119.95,120.05 118.75,118.05 118.35,115.25"/>
    </edge>
    <edge id=":b1_6" function="internal">
        <lane id=":b1_6_0" index="0" speed="13.89" length="5.00" shape="121.65,115.25 121.84,116.61 122.43,117.58 123.39,118.16 124.75,118.35"/>
    </edge>
    <edge id=":b1_7" function="internal">
        <lane id=":b1_7_0" index="0" speed="13.89" length="9.50" shape="121.65,115.25 121.65,124.75"/>
    </edge>
    <edge id=":b1_8" function="internal">
        <lane id=":b1_8_0" index="0" speed="13.89" length="3.18" shape="121.65,115.25 121.25,118.05 121.07,118.35"/>
    </edge>
    <edge id=":b1_14" function="internal">
        <lane id=":b1_14_0" index="0" speed="13.89" length="7.14" shape="121.07,118.35 120.05,120.05 118.05,121.25 115.25,121.65"/>
    </edge>
    <edge id=":b1_9" function="internal">
        <lane id=":b1_9_0" index="0" speed="13.89" length="5.00" shape="115.25,118.35 116.61,118.16 117.57,117.57 118.16,116.61 118.35,115.25"/>
    </edge>
    <edge id=":b1_10" function="internal">
        <lane id=":b1_10_0" index="0" speed="13.89" length="9.50" shape="115.25,118.35 124.75,118.35"/>
    </edge>
    <edge id=":b1_11" function="internal">
        <lane id=":b1_11_0" index="0" speed="13.89" length="3.18" shape="115.25,118.35 118.05,118.75 118.35,118.93"/>
    </edge>
    <edge id=":b1_15" function="internal">
        <lane id=":b1_15_0" index="0" speed="13.89" length="7.14" shape="118.35,118.93 120.05,119.95 121.25,121.95 121.65,124.75"/>
    </edge>
    <edge id=":b2_0" function="internal">
        <lane id=":b2_0_0" index="0" speed="13.89" length="5.00" shape="238.35,124.75 238.16,123.39 237.57,122.43 236.61,121.84 235.25,121.65"/>
    </edge>
    <edge id=":b2_1" function="internal">
        <lane id=":b2_1_0" index="0" speed="13.89" length="9.50" shape="238.35,124.75 238.35,115.25"/>
    </edge>
    <edge id=":b2_2" function="internal">
        <lane id=":b2_2_0" index="0" speed="13.89" length="3.18" shape="238.35,124.75 238.75,121.95 238.93,121.65"/>
    </edge>
    <edge id=":b2_12" function="internal">
        <lane id=":b2_12_0" index="0" speed="13.89" length="7.14" shape="238.93,121.65 239.95,119.95 241.95,118.75 244.75,118.35"/>
    </edge>
    <edge id=":b2_3" function="internal">
        <lane id=":b2_3_0" index="0" speed="13.89" length="5.00" shape="244.75,121.65 243.39,121.84 242.42,122.43 241.84,123.39 241.65,124.75"/>
    </edge>
    <edge id=":b2_4" function="internal">
        <lane id=":b2_4_0" index="0" speed="13.89" length="9.50" shape="244.75,121.65 235.25,121.65"/>
    </edge>
    <edge id=":b2_5" function="internal">
        <lane id=":b2_5_0" index="0" speed="13.89" length="3.18" shape="244.75,121.65 241.95,121.25 241.65,121.07"/>
    </edge>
    <edge id=":b2_13" function="internal">
        <lane id=":b2_13_0" index="0" speed="13.89" length="7.14" shape="241.65,121.07 239.95,120.05 238.75,118.05 238.35,115.25"/>
    </edge>
    <edge id=":b2_6" function="internal">
        <lane id=":b2_6_0" index="0" speed="13.89" length="5.00" shape="241.65,115.25 241.84,116.61 242.43,117.58 243.39,118.16 244.75,118.35"/>
    </edge>
    <edge id=":b2_7" function="internal">
        <lane id=":b2_7_0" index="0" speed="13.89" length="9.50" shape="241.65,115.25 241.65,124.75"/>
    </edge>
    <edge id=":b2_8" function="internal">
        <lane id=":b2_8_0" index="0" speed="13.89" length="3.18" shape="241.65,115.25 241.25,118.05 241.07,118.35"/>
    </edge>
    <edge id=":b2_14" function="internal">
        <lane id=":b2_14_0" index="0" speed="13.89" length="7.14" shape="241.07,118.35 240.05,120.05 238.05,121.25 235.25,121.65"/>
    </edge>
    <edge id=":b2_9" function="internal">
        <lane id=":b2_9_0" index="0" speed="13.89" length="5.00" shape="235.25,118.35 236.61,118.16 237.58,117.57 238.16,116.61 238.35,115.25"/>
    </edge>
    <edge id=":b2_10" function="internal">
        <lane id=":b2_10_0" index="0" speed="13.89" length="9.50" shape="235.25,118.35 244.75,118.35"/>
    </edge>
    <edge id=":b2_11" function="internal">
        <lane id=":b2_11_0" index="0" speed="13.89" length="3.18" shape="235.25,118.35 238.05,118.75 238.35,118.93"/>
    </edge>
    <edge id=":b2_15" function="internal">
        <lane id=":b2_15_0" index="0" speed="13.89" length="7.14" shape="238.35,118.93 240.05,119.95 241.25,121.95 241.65,124.75"/>
    </edge>
    <edge id=":b3_0" function="internal">
        <lane id=":b3_0_0" index="0" speed="13.89" length="5.00" shape="358.35,124.75 358.16,123.39 357.58,122.43 356.61,121.84 355.25,121.65"/>
    </edge>
    <edge id=":b3_1" function="internal">
        <lane id=":b3_1_0" index="0" speed="13.89" length="9.50" shape="358.35,124.75 358.35,115.25"/>
    </edge>
    <edge id=":b3_2" function="internal">
        <lane id=":b3_2_0" index="0" speed="13.89" length="3.18" shape="358.35,124.75 358.75,121.95 358.93,121.65"/>
    </edge>
    <edge id=":b3_12" function="internal">
        <lane id=":b3_12_0" index="0" speed="13.89" length="7.14" shape="358.93,121.65 359.95,119.95 361.95,118.75 364.75,118.35"/>
    </edge>
    <edge id=":b3_3" function="internal">
        <lane id=":b3_3_0" index="0" speed="13.89" length="5.00" shape="364.75,121.65 363.39,121.84 362.42,122.43 361.84,123.39 361.65,124.75"/>
    </edge>
    <edge id=":b3_4" function="internal">
        <lane id=":b3_4_0" index="0" speed="13.89" length="9.50" shape="364.75,121.65 355.25,121.65"/>
    </edge>
    <edge id=":b3_5" function="internal">
        <lane id=":b3_5_0" index="0" speed="13.89" length="3.18" shape="364.75,121.65 361.95,121.25 361.65,121.07"/>
    </edge>
    <edge id=":b3_13" function="internal">
        <lane id=":b3_13_0" index="0" speed="13.89" length="7.14" shape="361.65,121.07 359.95,120.05 358.75,118.05 358.35,115.25"/>
    </edge>
    <edge id=":b3_6" function="internal">
        <lane id=":b3_6_0" index="0" speed="13.89" length="5.00" shape="361.65,115.25 361.84,116.61 362.42,117.57 363.39,118.16 364.75,118.35"/>
    </edge>
    <edge id=":b3_7" function="internal">
        <lane id=":b3_7_0" index="0" speed="13.89" length="9.50" shape="361.65,115.25 361.65,124.75"/>
    </edge>
    <edge id=":b3_8" function="internal">
        <lane id=":b3_8_0" index="0" speed="13.89" length="3.18" shape="361.65,115.25 361.25,118.05 361.07,118.35"/>
    </edge>
    <edge id=":b3_14" function="internal">
        <lane id=":b3_14_0" index="0" speed="13.89" length="7.14" shape="361.07,118.35 360.05,120.05 358.05,121.25 355.25,121.65"/>
    </edge>
    <edge id=":b3_9" function="internal">
        <lane id=":b3_9_0" index="0" speed="13.89" length="5.00" shape="355.25,118.35 356.61,118.16 357.58,117.57 358.16,116.61 358.35,115.25"/>
    </edge>
    <edge id=":b3_10" function="internal">
        <lane id=":b3_10_0" index="0" speed="13.89" length="9.50" shape="355.25,118.35 364.75,118.35"/>
    </edge>
    <edge id=":b3_11" function="internal">
        <lane id=":b3_11_0" index="0" speed="13.89" length="3.18" shape="355.25,118.35 358.05,118.75 358.35,118.93"/>
    </edge>
    <edge id=":b3_15" function="internal">
        <lane id=":b3_15_0" index="0" speed="13.89" length="7.14" shape="358.35,118.93 360.05,119.95 361.25,121.95 361.65,124.75"/>
    </edge>
    <edge id=":c1_0" function="internal">
        <lane id=":c1_0_0" index="0" speed="13.89" length="5.00" shape="118.35,244.75 118.16,243.39 117.57,242.42 116.61,241.84 115.25,241.65"/>
    </edge>
    <edge id=":c1_1" function="internal">
        <lane id=":c1_1_0" index="0" speed="13.89" length="9.50" shape="118.35,244.75 118.35,235.25"/>
    </edge>
    <edge id=":c1_2" function="internal">
        <lane id=":c1_2_0" index="0" speed="13.89" length="3.18" shape="118.35,244.75 118.75,241.95 118.93,241.65"/>
    </edge>
    <edge id=":c1_12" function="internal">
        <lane id=":c1_12_0" index="0" speed="13.89" length="7.14" shape="118.93,241.65 119.95,239.95 121.95,238.75 124.75,238.35"/>
    </edge>
    <edge id=":c1_3" function="internal">
        <lane id=":c1_3_0" index="0" speed="13.89" length="5.00" shape="124.75,241.65 123.39,241.84 122.43,242.43 121.84,243.39 121.65,244.75"/>
    </edge>
    <edge id=":c1_4" function="internal">
        <lane id=":c1_4_0" index="0" speed="13.89" length="9.50" shape="124.75,241.65 115.25,241.65"/>
    </edge>
    <edge id=":c1_5" function="internal">
        <lane id=":c1_5_0" index="0" speed="13.89" length="3.18" shape="124.75,241.65 121.95,241.25 121.65,241.07"/>
    </edge>
    <edge id=":c1_13" function="internal">
        <lane id=":c1_13_0" index="0" speed="13.89" length="7.14" shape="121.65,241.07 119.95,240.05 118.75,238.05 118.35,235.25"/>
    </edge>
    <edge id=":c1_6" function="internal">
        <lane id=":c1_6_0" index="0" speed="13.89" length="5.00" shape="121.65,235.25 121.84,236.61 122.43,237.58 123.39,238.16 124.75,238.35"/>
    </edge>
    <edge id=":c1_7" function="internal">
        <lane id=":c1_7_0" index="0" speed="13.89" length="9.50" shape="121.65,235.25 121.65,244.75"/>
    </edge>
    <edge id=":c1_8" function="internal">
        <lane id=":c1_8_0" index="0" speed="13.89" length="3.18" shape="121.65,235.25 121.25,238.05 121.07,238.35"/>
    </edge>
    <edge id=":c1_14" function="internal">
        <lane id=":c1_14_0" index="0" speed="13.89" length="7.14" shape="121.07,238.35 120.05,240.05 118.05,241.25 115.25,241.65"/>
    </edge>
    <edge id=":c1_9" function="internal">
        <lane id=":c1_9_0" index="0" speed="13.89" length="5.00" shape="115.25,238.35 116.61,238.16 117.58,237.57 118.16,236.61 118.35,235.25"/>
    </edge>
    <edge id=":c1_10" function="internal">
        <lane id=":c1_10_0" index="0" speed="13.89" length="9.50" shape="115.25,238.35 124.75,238.35"/>
    </edge>
    <edge id=":c1_11" function="internal">
        <lane id=":c1_11_0" index="0" speed="13.89" length="3.18" shape="115.25,238.35 118.05,238.75 118.35,238.93"/>
    </edge>
    <edge id=":c1_15" function="internal">
        <lane id=":c1_15_0" index="0" speed="13.89" length="7.14" shape="118.35,238.93 120.05,239.95 121.25,241.95 121.65,244.75"/>
    </edge>
    <edge id=":c2_0" function="internal">
        <lane id=":c2_0_0" index="0" speed="13.89" length="5.00" shape="238.35,244.75 238.16,243.39 237.57,242.42 236.61,241.84 235.25,241.65"/>
    </edge>
    <edge id=":c2_1" function="internal">
        <lane id=":c2_1_0" index="0" speed="13.89" length="9.50" shape="238.35,244.75 238.35,235.25"/>
    </edge>
    <edge id=":c2_2" function="internal">
        <lane id=":c2_2_0" index="0" speed="13.89" length="3.18" shape="238.35,244.75 238.75,241.95 238.93,241.65"/>
    </edge>
    <edge id=":c2_12" function="internal">
        <lane id=":c2_12_0" index="0" speed="13.89" length="7.14" shape="238.93,241.65 239.95,239.95 241.95,238.75 244.75,238.35"/>
    </edge>
    <edge id=":c2_3" function="internal">
        <lane id=":c2_3_0" index="0" speed="13.89" length="5.00" shape="244.75,241.65 243.39,241.84 242.42,242.43 241.84,243.39 241.65,244.75"/>
    </edge>
    <edge id=":c2_4" function="internal">
        <lane id=":c2_4_0" index="0" speed="13.89" length="9.50" shape="244.75,241.65 235.25,241.65"/>
    </edge>
    <edge id=":c2_5" function="internal">
        <lane id=":c2_5_0" index="0" speed="13.89" length="3.18" shape="244.75,241.65 241.95,241.25 241.65,241.07"/>
    </edge>
    <edge id=":c2_13" function="internal">
        <lane id=":c2_13_0" index="0" speed="13.89" length="7.14" shape="241.65,241.07 239.95,240.05 238.75,238.05 238.35,235.25"/>
    </edge>
    <edge id=":c2_6" function="internal">
        <lane id=":c2_6_0" index="0" speed="13.89" length="5.00" shape="241.65,235.25 241.84,236.61 242.43,237.58 243.39,238.16 244.75,238.35"/>
    </edge>
    <edge id=":c2_7" function="internal">
        <lane id=":c2_7_0" index="0" speed="13.89" length="9.50" shape="241.65,235.25 241.65,244.75"/>
    </edge>
    <edge id=":c2_8" function="internal">
        <lane id=":c2_8_0" index="0" speed="13.89" length="3.18" shape="241.65,235.25 241.25,238.05 241.07,238.35"/>
    </edge>
    <edge id=":c2_14" function="internal">
        <lane id=":c2_14_0" index="0" speed="13.89" length="7.14" shape="241.07,238.35 240.05,240.05 238.05,241.25 235.25,241.65"/>
    </edge>
    <edge id=":c2_9" function="internal">
        <lane id=":c2_9_0" index="0" speed="13.89" length="5.00" shape="235.25,238.35 236.61,238.16 237.58,237.57 238.16,236.61 238.35,235.25"/>
    </edge>
    <edge id=":c2_10" function="internal">
        <lane id=":c2_10_0" index="0" speed="13.89" length="9.50" shape="235.25,238.35 244.75,238.35"/>
    </edge>
    <edge id=":c2_11" function="internal">
        <lane id=":c2_11_0" index="0" speed="13.89" length="3.18" shape="235.25,238.35 238.05,238.75 238.35,238.93"/>
    </edge>
    <edge id=":c2_15" function="internal">
        <lane id=":c2_15_0" index="0" speed="13.89" length="7.14" shape="238.35,238.93 240.05,239.95 241.25,241.95 241.65,244.75"/>
    </edge>
    <edge id=":c3_0" function="internal">
        <lane id=":c3_0_0" index="0" speed="13.89" length="5.00" shape="358.35,244.75 358.16,243.39 357.58,242.42 356.61,241.84 355.25,241.65"/>
    </edge>
    <edge id=":c3_1" function="internal">
        <lane id=":c3_1_0" index="0" speed="13.89" length="9.50" shape="358.35,244.75 358.35,235.25"/>
    </edge>
    <edge id=":c3_2" function="internal">
        <lane id=":c3_2_0" index="0" speed="13.89" length="3.18" shape="358.35,244.75 358.75,241.95 358.93,241.65"/>
    </edge>
    <edge id=":c3_12" function="internal">
        <lane id=":c3_12_0" index="0" speed="13.89" length="7.14" shape="358.93,241.65 359.95,239.95 361.95,238.75 364.75,238.35"/>
    </edge>
    <edge id=":c3_3" function="internal">
        <lane id=":c3_3_0" index="0" speed="13.89" length="5.00" shape="364.75,241.65 363.39,241.84 362.42,242.43 361.84,243.39 361.65,244.75"/>
    </edge>
    <edge id=":c3_4" function="internal">
        <lane id=":c3_4_0" index="0" speed="13.89" length="9.50" shape="364.75,241.65 355.25,241.65"/>
    </edge>
    <edge id=":c3_5" function="internal">
        <lane id=":c3_5_0" index="0" speed="13.89" length="3.18" shape="364.75,241.65 361.95,241.25 361.65,241.07"/>
    </edge>
    <edge id=":c3_13" function="internal">
        <lane id=":c3_13_0" index="0" speed="13.89" length="7.14" shape="361.65,241.07 359.95,240.05 358.75,238.05 358.35,235.25"/>
    </edge>
    <edge id=":c3_6" function="internal">
        <lane id=":c3_6_0" index="0" speed="13.89" length="5.00" shape="361.65,235.25 361.84,236.61 362.42,237.58 363.39,238.16 364.75,238.35"/>
    </edge>
    <edge id=":c3_7" function="internal">
        <lane id=":c3_7_0" index="0" speed="13.89" length="9.50" shape="361.65,235.25 361.65,244.75"/>
    </edge>
    <edge id=":c3_8" function="internal">
        <lane id=":c3_8_0" index="0" speed="13.89" length="3.18" shape="361.65,235.25 361.25,238.05 361.07,238.35"/>
    </edge>
    <edge id=":c3_14" function="internal">
        <lane id=":c3_14_0" index="0" speed="13.89" length="7.14" shape="361.07,238.35 360.05,240.05 358.05,241.25 355.25,241.65"/>
    </edge>
    <edge id=":c3_9" function="internal">
        <lane id=":c3_9_0" index="0" speed="13.89" length="5.00" shape="355.25,238.35 356.61,238.16 357.58,237.57 358.16,236.61 358.35,235.25"/>
    </edge>
    <edge id=":c3_10" function="internal">
        <lane id=":c3_10_0" index="0" speed="13.89" length="9.50" shape="355.25,238.35 364.75,238.35"/>
    </edge>
    <edge id=":c3_11" function="internal">
        <lane id=":c3_11_0" index="0" speed="13.89" length="3.18" shape="355.25,238.35 358.05,238.75 358.35,238.93"/>
    </edge>
    <edge id=":c3_15" function="internal">
        <lane id=":c3_15_0" index="0" speed="13.89" length="7.14" shape="358.35,238.93 360.05,239.95 361.25,241.95 361.65,244.75"/>
    </edge>
    <edge id=":d1_0" function="internal">
        <lane id=":d1_0_0" index="0" speed="13.89" length="5.00" shape="118.35,364.75 118.16,363.39 117.57,362.42 116.61,361.84 115.25,361.65"/>
    </edge>
    <edge id=":d1_1" function="internal">
        <lane id=":d1_1_0" index="0" speed="13.89" length="9.50" shape="118.35,364.75 118.35,355.25"/>
    </edge>
    <edge id=":d1_2" function="internal">
        <lane id=":d1_2_0" index="0" speed="13.89" length="3.18" shape="118.35,364.75 118.75,361.95 118.93,361.65"/>
    </edge>
    <edge id=":d1_12" function="internal">
        <lane id=":d1_12_0" index="0" speed="13.89" length="7.14" shape="118.93,361.65 119.95,359.95 121.95,358.75 124.75,358.35"/>
    </edge>
    <edge id=":d1_3" function="internal">
        <lane id=":d1_3_0" index="0" speed="13.89" length="5.00" shape="124.75,361.65 123.39,361.84 122.43,362.42 121.84,363.39 121.65,364.75"/>
    </edge>
    <edge id=":d1_4" function="internal">
        <lane id=":d1_4_0" index="0" speed="13.89" length="9.50" shape="124.75,361.65 115.25,361.65"/>
    </edge>
    <edge id=":d1_5" function="internal">
        <lane id=":d1_5_0" index="0" speed="13.89" length="3.18" shape="124.75,361.65 121.95,361.25 121.65,361.07"/>
    </edge>
    <edge id=":d1_13" function="internal">
        <lane id=":d1_13_0" index="0" speed="13.89" length="7.14" shape="121.65,361.07 119.95,360.05 118.75,358.05 118.35,355.25"/>
    </edge>
    <edge id=":d1_6" function="internal">
        <lane id=":d1_6_0" index="0" speed="13.89" length="5.00" shape="121.65,355.25 121.84,356.61 122.43,357.58 123.39,358.16 124.75,358.35"/>
    </edge>
    <edge id=":d1_7" function="internal">
        <lane id=":d1_7_0" index="0" speed="13.89" length="9.50" shape="121.65,355.25 121.65,364.75"/>
    </edge>
    <edge id=":d1_8" function="internal">
        <lane id=":d1_8_0" index="0" speed="13.89" length="3.18" shape="121.65,355.25 121.25,358.05 121.07,358.35"/>
    </edge>
    <edge id=":d1_14" function="internal">
        <lane id=":d1_14_0" index="0" speed="13.89" length="7.14" shape="121.07,358.35 120.05,360.05 118.05,361.25 115.25,361.65"/>
    </edge>
    <edge id=":d1_9" function="internal">
        <lane id=":d1_9_0" index="0" speed="13.89" length="5.00" shape="115.25,358.35 116.61,358.16 117.58,357.58 118.16,356.61 118.35,355.25"/>
    </edge>
    <edge id=":d1_10" function="internal">
        <lane id=":d1_10_0" index="0" speed="13.89" length="9.50" shape="115.25,358.35 124.75,358.35"/>
    </edge>
    <edge id=":d1_11" function="internal">
        <lane id=":d1_11_0" index="0" speed="13.89" length="3.18" shape="115.25,358.35 118.05,358.75 118.35,358.93"/>
    </edge>
    <edge id=":d1_15" function="internal">
        <lane id=":d1_15_0" index="0" speed="13.89" length="7.14" shape="118.35,358.93 120.05,359.95 121.25,361.95 121.65,364.75"/>
    </edge>
    <edge id=":d2_0" function="internal">
        <lane id=":d2_0_0" index="0" speed="13.89" length="5.00" shape="238.35,364.75 238.16,363.39 237.57,362.42 236.61,361.84 235.25,361.65"/>
    </edge>
    <edge id=":d2_1" function="internal">
        <lane id=":d2_1_0" index="0" speed="13.89" length="9.50" shape="238.35,364.75 238.35,355.25"/>
    </edge>
    <edge id=":d2_2" function="internal">
        <lane id=":d2_2_0" index="0" speed="13.89" length="3.18" shape="238.35,364.75 238.75,361.95 238.93,361.65"/>
    </edge>
    <edge id=":d2_12" function="internal">
        <lane id=":d2_12_0" index="0" speed="13.89" length="7.14" shape="238.93,361.65 239.95,359.95 241.95,358.75 244.75,358.35"/>
    </edge>
    <edge id=":d2_3" function="internal">
        <lane id=":d2_3_0" index="0" speed="13.89" length="5.00" shape="244.75,361.65 243.39,361.84 242.42,362.42 241.84,363.39 241.65,364.75"/>
    </edge>
    <edge id=":d2_4" function="internal">
        <lane id=":d2_4_0" index="0" speed="13.89" length="9.50" shape="244.75,361.65 235.25,361.65"/>
    </edge>
    <edge id=":d2_5" function="internal">
        <lane id=":d2_5_0" index="0" speed="13.89" length="3.18" shape="244.75,361.65 241.95,361.25 241.65,361.07"/>
    </edge>
    <edge id=":d2_13" function="internal">
        <lane id=":d2_13_0" index="0" speed="13.89" length="7.14" shape="241.65,361.07 239.95,360.05 238.75,358.05 238.35,355.25"/>
    </edge>
    <edge id=":d2_6" function="internal">
        <lane id=":d2_6_0" index="0" speed="13.89" length="5.00" shape="241.65,355.25 241.84,356.61 242.43,357.58 243.39,358.16 244.75,358.35"/>
    </edge>
    <edge id=":d2_7" function="internal">
        <lane id=":d2_7_0" index="0" speed="13.89" length="9.50" shape="241.65,355.25 241.65,364.75"/>
    </edge>
    <edge id=":d2_8" function="internal">
        <lane id=":d2_8_0" index="0" speed="13.89" length="3.18" shape="241.65,355.25 241.25,358.05 241.07,358.35"/>
    </edge>
    <edge id=":d2_14" function="internal">
        <lane id=":d2_14_0" index="0" speed="13.89" length="7.14" shape="241.07,358.35 240.05,360.05 238.05,361.25 235.25,361.65"/>
    </edge>
    <edge id=":d2_9" function="internal">
        <lane id=":d2_9_0" index="0" speed="13.89" length="5.00" shape="235.25,358.35 236.61,358.16 237.58,357.58 238.16,356.61 238.35,355.25"/>
    </edge>
    <edge id=":d2_10" function="internal">
        <lane id=":d2_10_0" index="0" speed="13.89" length="9.50" shape="235.25,358.35 244.75,358.35"/>
    </edge>
    <edge id=":d2_11" function="internal">
        <lane id=":d2_11_0" index="0" speed="13.89" length="3.18" shape="235.25,358.35 238.05,358.75 238.35,358.93"/>
    </edge>
    <edge id=":d2_15" function="internal">
        <lane id=":d2_15_0" index="0" speed="13.89" length="7.14" shape="238.35,358.93 240.05,359.95 241.25,361.95 241.65,364.75"/>
    </edge>
    <edge id=":d3_0" function="internal">
        <lane id=":d3_0_0" index="0" speed="13.89" length="5.00" shape="358.35,364.75 358.16,363.39 357.58,362.42 356.61,361.84 355.25,361.65"/>
    </edge>
    <edge id=":d3_1" function="internal">
        <lane id=":d3_1_0" index="0" speed="13.89" length="9.50" shape="358.35,364.75 358.35,355.25"/>
    </edge>
    <edge id=":d3_2" function="internal">
        <lane id=":d3_2_0" index="0" speed="13.89" length="3.18" shape="358.35,364.75 358.75,361.95 358.93,361.65"/>
    </edge>
    <edge id=":d3_12" function="internal">
        <lane id=":d3_12_0" index="0" speed="13.89" length="7.14" shape="358.93,361.65 359.95,359.95 361.95,358.75 364.75,358.35"/>
    </edge>
    <edge id=":d3_3" function="internal">
        <lane id=":d3_3_0" index="0" speed="13.89" length="5.00" shape="364.75,361.65 363.39,361.84 362.42,362.42 361.84,363.39 361.65,364.75"/>
    </edge>
    <edge id=":d3_4" function="internal">
        <lane id=":d3_4_0" index="0" speed="13.89" length="9.50" shape="364.75,361.65 355.25,361.65"/>
    </edge>
    <edge id=":d3_5" function="internal">
        <lane id=":d3_5_0" index="0" speed="13.89" length="3.18" shape="364.75,361.65 361.95,361.25 361.65,361.07"/>
    </edge>
    <edge id=":d3_13" function="internal">
        <lane id=":d3_13_0" index="0" speed="13.89" length="7.14" shape="361.65,361.07 359.95,360.05 358.75,358.05 358.35,355.25"/>
    </edge>
    <edge id=":d3_6" function="internal">
        <lane id=":d3_6_0" index="0" speed="13.89" length="5.00" shape="361.65,355.25 361.84,356.61 362.42,357.58 363.39,358.16 364.75,358.35"/>
    </edge>
    <edge id=":d3_7" function="internal">
        <lane id=":d3_7_0" index="0" speed="13.89" length="9.50" shape="361.65,355.25 361.65,364.75"/>
    </edge>
    <edge id=":d3_8" function="internal">
        <lane id=":d3_8_0" index="0" speed="13.89" length="3.18" shape="361.65,355.25 361.25,358.05 361.07,358.35"/>
    </edge>
    <edge id=":d3_14" function="internal">
        <lane id=":d3_14_0" index="0" speed="13.89" length="7.14" shape="361.07,358.35 360.05,360.05 358.05,361.25 355.25,361.65"/>
    </edge>
    <edge id=":d3_9" function="internal">
        <lane id=":d3_9_0" index="0" speed="13.89" length="5.00" shape="355.25,358.35 356.61,358.16 357.58,357.58 358.16,356.61 358.35,355.25"/>
    </edge>
    <edge id=":d3_10" function="internal">
        <lane id=":d3_10_0" index="0" speed="13.89" length="9.50" shape="355.25,358.35 364.75,358.35"/>
    </edge>
    <edge id=":d3_11" function="internal">
        <lane id=":d3_11_0" index="0" speed="13.89" length="3.18" shape="355.25,358.35 358.05,358.75 358.35,358.93"/>
    </edge>
    <edge id=":d3_15" function="internal">
        <lane id=":d3_15_0" index="0" speed="13.89" length="7.14" shape="358.35,358.93 360.05,359.95 361.25,361.95 361.65,364.75"/>
    </edge>

    <edge id="a1:b1" from="a1" to="b1" priority="2" type="uMinor">
        <lane id="a1:b1_0" index="0" speed="13.89" length="115.25" shape="121.65,0.00 121.65,115.25"/>
    </edge>
    <edge id="a2:b2" from="a2" to="b2" priority="2" type="uMinor">
        <lane id="a2:b2_0" index="0" speed="13.89" length="115.25" shape="241.65,0.00 241.65,115.25"/>
    </edge>
    <edge id="a3:b3" from="a3" to="b3" priority="2" type="uMinor">
        <lane id="a3:b3_0" index="0" speed="13.89" length="115.25" shape="361.65,0.00 361.65,115.25"/>
    </edge>
    <edge id="b0:b1" from="b0" to="b1" priority="2" type="uMinor">
        <lane id="b0:b1_0" index="0" speed="13.89" length="115.25" shape="0.00,118.35 115.25,118.35"/>
    </edge>
    <edge id="b1:a1" from="b1" to="a1" priority="2" type="uMinor">
        <lane id="b1:a1_0" index="0" speed="13.89" length="115.25" shape="118.35,115.25 118.35,0.00"/>
    </edge>
    <edge id="b1:b0" from="b1" to="b0" priority="2" type="uMinor">
        <lane id="b1:b0_0" index="0" speed="13.89" length="115.25" shape="115.25,121.65 0.00,121.65"/>
    </edge>
    <edge id="b1:b2" from="b1" to="b2" priority="2" type="uMinor">
        <lane id="b1:b2_0" index="0" speed="13.89" length="110.50" shape="124.75,118.35 235.25,118.35"/>
    </edge>
    <edge id="b1:c1" from="b1" to="c1" priority="2" type="uMinor">
        <lane id="b1:c1_0" index="0" speed="13.89" length="110.50" shape="121.65,124.75 121.65,235.25"/>
    </edge>
    <edge id="b2:a2" from="b2" to="a2" priority="2" type="uMinor">
        <lane id="b2:a2_0" index="0" speed="13.89" length="115.25" shape="238.35,115.25 238.35,0.00"/>
    </edge>
    <edge id="b2:b1" from="b2" to="b1" priority="2" type="uMinor">
        <lane id="b2:b1_0" index="0" speed="13.89" length="110.50" shape="235.25,121.65 124.75,121.65"/>
    </edge>
    <edge id="b2:b3" from="b2" to="b3" priority="2" type="uMinor">
        <lane id="b2:b3_0" index="0" speed="13.89" length="110.50" shape="244.75,118.35 355.25,118.35"/>
    </edge>
    <edge id="b2:c2" from="b2" to="c2" priority="2" type="uMinor">
        <lane id="b2:c2_0" index="0" speed="13.89" length="110.50" shape="241.65,124.75 241.65,235.25"/>
    </edge>
    <edge id="b3:a3" from="b3" to="a3" priority="2" type="uMinor">
        <lane id="b3:a3_0" index="0" speed="13.89" length="115.25" shape="358.35,115.25 358.35,0.00"/>
    </edge>
    <edge id="b3:b2" from="b3" to="b2" priority="2" type="uMinor">
        <lane id="b3:b2_0" index="0" speed="13.89" length="110.50" shape="355.25,121.65 244.75,121.65"/>
    </edge>
    <edge id="b3:b4" from="b3" to="b4" priority="2" type="uMinor">
        <lane id="b3:b4_0" index="0" speed="13.89" length="115.25" shape="364.75,118.35 480.00,118.35"/>
    </edge>
    <edge id="b3:c3" from="b3" to="c3" priority="2" type="uMinor">
        <lane id="b3:c3_0" index="0" speed="13.89" length="110.50" shape="361.65,124.75 361.65,235.25"/>
    </edge>
    <edge id="b4:b3" from="b4" to="b3" priority="2" type="uMinor">
        <lane id="b4:b3_0" index="0" speed="13.89" length="115.25" shape="480.00,121.65 364.75,121.65"/>
    </edge>
    <edge id="c0:c1" from="c0" to="c1" priority="2" type="uMinor">
        <lane id="c0:c1_0" index="0" speed="13.89" length="115.25" shape="0.00,238.35 115.25,238.35"/>
    </edge>
    <edge id="c1:b1" from="c1" to="b1" priority="2" type="uMinor">
        <lane id="c1:b1_0" index="0" speed="13.89" length="110.50" shape="118.35,235.25 118.35,124.75"/>
    </edge>
    <edge id="c1:c0" from="c1" to="c0" priority="2" type="uMinor">
        <lane id="c1:c0_0" index="0" speed="13.89" length="115.25" shape="115.25,241.65 0.00,241.65"/>
    </edge>
    <edge id="c1:c2" from="c1" to="c2" priority="2" type="uMinor">
        <lane id="c1:c2_0" index="0" speed="13.89" length="110.50" shape="124.75,238.35 235.25,238.35"/>
    </edge>
    <edge id="c1:d1" from="c1" to="d1" priority="2" type="uMinor">
        <lane id="c1:d1_0" index="0" speed="13.89" length="110.50" shape="121.65,244.75 121.65,355.25"/>
    </edge>
    <edge id="c2:b2" from="c2" to="b2" priority="2" type="uMinor">
        <lane id="c2:b2_0" index="0" speed="13.89" length="110.50" shape="238.35,235.25 238.35,124.75"/>
    </edge>
    <edge id="c2:c1" from="c2" to="c1" priority="2" type="uMinor">
        <lane id="c2:c1_0" index="0" speed="13.89" length="110.50" shape="235.25,241.65 124.75,241.65"/>
    </edge>
    <edge id="c2:c3" from="c2" to="c3" priority="2" type="uMinor">
        <lane id="c2:c3_0" index="0" speed="13.89" length="110.50" shape="244.75,238.35 355.25,238.35"/>
    </edge>
    <edge id="c2:d2" from="c2" to="d2" priority="2" type="uMinor">
        <lane id="c2:d2_0" index="0" speed="13.89" length="110.50" shape="241.65,244.75 241.65,355.25"/>
    </edge>
    <edge id="c3:b3" from="c3" to="b3" priority="2" type="uMinor">
        <lane id="c3:b3_0" index="0" speed="13.89" length="110.50" shape="358.35,235.25 358.35,124.75"/>
    </edge>
    <edge id="c3:c2" from="c3" to="c2" priority="2" type="uMinor">
        <lane id="c3:c2_0" index="0" speed="13.89" length="110.50" shape="355.25,241.65 244.75,241.65"/>
    </edge>
    <edge id="c3:c4" from="c3" to="c4" priority="2" type="uMinor">
        <lane id="c3:c4_0" index="0" speed="13.89" length="115.25" shape="364.75,238.35 480.00,238.35"/>
    </edge>
    <edge id="c3:d3" from="c3" to="d3" priority="2" type="uMinor">
        <lane id="c3:d3_0" index="0" speed="13.89" length="110.50" shape="361.65,244.75 361.65,355.25"/>
    </edge>
    <edge id="c4:c3" from="c4" to="c3" priority="2" type="uMinor">
        <lane id="c4:c3_0" index="0" speed="13.89" length="115.25" shape="480.00,241.65 364.75,241.65"/>
    </edge>
    <edge id="d0:d1" from="d0" to="d1" priority="2" type="uMinor">
        <lane id="d0:d1_0" index="0" speed="13.89" length="115.25" shape="0.00,358.35 115.25,358.35"/>
    </edge>
    <edge id="d1:c1" from="d1" to="c1" priority="2" type="uMinor">
        <lane id="d1:c1_0" index="0" speed="13.89" length="110.50" shape="118.35,355.25 118.35,244.75"/>
    </edge>
    <edge id="d1:d0" from="d1" to="d0" priority="2" type="uMinor">
        <lane id="d1:d0_0" index="0" speed="13.89" length="115.25" shape="115.25,361.65 0.00,361.65"/>
    </edge>
    <edge id="d1:d2" from="d1" to="d2" priority="2" type="uMinor">
        <lane id="d1:d2_0" index="0" speed="13.89" length="110.50" shape="124.75,358.35 235.25,358.35"/>
    </edge>
    <edge id="d1:e1" from="d1" to="e1" priority="2" type="uMinor">
        <lane id="d1:e1_0" index="0" speed="13.89" length="115.25" shape="121.65,364.75 121.65,480.00"/>
    </edge>
    <edge id="d2:c2" from="d2" to="c2" priority="2" type="uMinor">
        <lane id="d2:c2_0" index="0" speed="13.89" length="110.50" shape="238.35,355.25 238.35,244.75"/>
    </edge>
    <edge id="d2:d1" from="d2" to="d1" priority="2" type="uMinor">
        <lane id="d2:d1_0" index="0" speed="13.89" length="110.50" shape="235.25,361.65 124.75,361.65"/>
    </edge>
    <edge id="d2:d3" from="d2" to="d3" priority="2" type="uMinor">
        <lane id="d2:d3_0" index="0" speed="13.89" length="110.50" shape="244.75,358.35 355.25,358.35"/>
    </edge>
    <edge id="d2:e2" from="d2" to="e2" priority="2" type="uMinor">
        <lane id="d2:e2_0" index="0" speed="13.89" length="115.25" shape="241.65,364.75 241.65,480.00"/>
    </edge>
    <edge id="d3:c3" from="d3" to="c3" priority="2" type="uMinor">
        <lane id="d3:c3_0" index="0" speed="13.89" length="110.50" shape="358.35,355.25 358.35,244.75"/>
    </edge>
    <edge id="d3:d2" from="d3" to="d2" priority="2" type="uMinor">
        <lane id="d3:d2_0" index="0" speed="13.89" length="110.50" shape="355.25,361.65 244.75,361.65"/>
    </edge>
    <edge id="d3:d4" from="d3" to="d4" priority="2" type="uMinor">
        <lane id="d3:d4_0" index="0" speed="13.89" length="115.25" shape="364.75,358.35 480.00,358.35"/>
    </edge>
    <edge id="d3:e3" from="d3" to="e3" priority="2" type="uMinor">
        <lane id="d3:e3_0" index="0" speed="13.89" length="115.25" shape="361.65,364.75 361.65,480.00"/>
    </edge>
    <edge id="d4:d3" from="d4" to="d3" priority="2" type="uMinor">
        <lane id="d4:d3_0" index="0" speed="13.89" length="115.25" shape="480.00,361.65 364.75,361.65"/>
    </edge>
    <edge id="e1:d1" from="e1" to="d1" priority="2" type="uMinor">
        <lane id="e1:d1_0" index="0" speed="13.89" length="115.25" shape="118.35,480.00 118.35,364.75"/>
    </edge>
    <edge id="e2:d2" from="e2" to="d2" priority="2" type="uMinor">
        <lane id="e2:d2_0" index="0" speed="13.89" length="115.25" shape="238.35,480.00 238.35,364.75"/>
    </edge>
    <edge id="e3:ed" from="e3" to="d3" priority="2" type="uMinor">
        <lane id="e3:ed_0" index="0" speed="13.89" length="115.25" shape="358.35,480.00 358.35,364.75"/>
    </edge>

    <tlLogic id="b1" type="static" programID="0" offset="0">
        <phase duration="31" state="GGgrrrGGgrrr"/>
        <phase duration="4" state="yygrrryygrrr"/>
        <phase duration="6" state="rrGrrrrrGrrr"/>
        <phase duration="4" state="rryrrrrryrrr"/>
        <phase duration="31" state="rrrGGgrrrGGg"/>
        <phase duration="4" state="rrryygrrryyg"/>
        <phase duration="6" state="rrrrrGrrrrrG"/>
        <phase duration="4" state="rrrrryrrrrry"/>
    </tlLogic>
    <tlLogic id="b2" type="static" programID="0" offset="0">
        <phase duration="31" state="GGgrrrGGgrrr"/>
        <phase duration="4" state="yygrrryygrrr"/>
        <phase duration="6" state="rrGrrrrrGrrr"/>
        <phase duration="4" state="rryrrrrryrrr"/>
        <phase duration="31" state="rrrGGgrrrGGg"/>
        <phase duration="4" state="rrryygrrryyg"/>
        <phase duration="6" state="rrrrrGrrrrrG"/>
        <phase duration="4" state="rrrrryrrrrry"/>
    </tlLogic>
    <tlLogic id="b3" type="static" programID="0" offset="0">
        <phase duration="31" state="GGgrrrGGgrrr"/>
        <phase duration="4" state="yygrrryygrrr"/>
        <phase duration="6" state="rrGrrrrrGrrr"/>
        <phase duration="4" state="rryrrrrryrrr"/>
        <phase duration="31" state="rrrGGgrrrGGg"/>
        <phase duration="4" state="rrryygrrryyg"/>
        <phase duration="6" state="rrrrrGrrrrrG"/>
        <phase duration="4" state="rrrrryrrrrry"/>
    </tlLogic>
    <tlLogic id="c1" type="static" programID="0" offset="0">
        <phase duration="31" state="GGgrrrGGgrrr"/>
        <phase duration="4" state="yygrrryygrrr"/>
        <phase duration="6" state="rrGrrrrrGrrr"/>
        <phase duration="4" state="rryrrrrryrrr"/>
        <phase duration="31" state="rrrGGgrrrGGg"/>
        <phase duration="4" state="rrryygrrryyg"/>
        <phase duration="6" state="rrrrrGrrrrrG"/>
        <phase duration="4" state="rrrrryrrrrry"/>
    </tlLogic>
    <tlLogic id="c2" type="static" programID="0" offset="0">
        <phase duration="31" state="GGgrrrGGgrrr"/>
        <phase duration="4" state="yygrrryygrrr"/>
        <phase duration="6" state="rrGrrrrrGrrr"/>
        <phase duration="4" state="rryrrrrryrrr"/>
        <phase duration="31" state="rrrGGgrrrGGg"/>
        <phase duration="4" state="rrryygrrryyg"/>
        <phase duration="6" state="rrrrrGrrrrrG"/>
        <phase duration="4" state="rrrrryrrrrry"/>
    </tlLogic>
    <tlLogic id="c3" type="static" programID="0" offset="0">
        <phase duration="31" state="GGgrrrGGgrrr"/>
        <phase duration="4" state="yygrrryygrrr"/>
        <phase duration="6" state="rrGrrrrrGrrr"/>
        <phase duration="4" state="rryrrrrryrrr"/>
        <phase duration="31" state="rrrGGgrrrGGg"/>
        <phase duration="4" state="rrryygrrryyg"/>
        <phase duration="6" state="rrrrrGrrrrrG"/>
        <phase duration="4" state="rrrrryrrrrry"/>
    </tlLogic>
    <tlLogic id="d1" type="static" programID="0" offset="0">
        <phase duration="31" state="GGgrrrGGgrrr"/>
        <phase duration="4" state="yygrrryygrrr"/>
        <phase duration="6" state="rrGrrrrrGrrr"/>
        <phase duration="4" state="rryrrrrryrrr"/>
        <phase duration="31" state="rrrGGgrrrGGg"/>
        <phase duration="4" state="rrryygrrryyg"/>
        <phase duration="6" state="rrrrrGrrrrrG"/>
        <phase duration="4" state="rrrrryrrrrry"/>
    </tlLogic>
    <tlLogic id="d2" type="static" programID="0" offset="0">
        <phase duration="31" state="GGgrrrGGgrrr"/>
        <phase duration="4" state="yygrrryygrrr"/>
        <phase duration="6" state="rrGrrrrrGrrr"/>
        <phase duration="4" state="rryrrrrryrrr"/>
        <phase duration="31" state="rrrGGgrrrGGg"/>
        <phase duration="4" state="rrryygrrryyg"/>
        <phase duration="6" state="rrrrrGrrrrrG"/>
        <phase duration="4" state="rrrrryrrrrry"/>
    </tlLogic>
    <tlLogic id="d3" type="static" programID="0" offset="0">
        <phase duration="31" state="GGgrrrGGgrrr"/>
        <phase duration="4" state="yygrrryygrrr"/>
        <phase duration="6" state="rrGrrrrrGrrr"/>
        <phase duration="4" state="rryrrrrryrrr"/>
        <phase duration="31" state="rrrGGgrrrGGg"/>
        <phase duration="4" state="rrryygrrryyg"/>
        <phase duration="6" state="rrrrrGrrrrrG"/>
        <phase duration="4" state="rrrrryrrrrry"/>
    </tlLogic>

    <junction id="a1" type="dead_end" x="120.00" y="0.00" incLanes="b1:a1_0" intLanes="" shape="120.05,-0.00 123.25,-0.00 116.75,0.00 119.95,0.00"/>
    <junction id="a2" type="dead_end" x="240.00" y="0.00" incLanes="b2:a2_0" intLanes="" shape="240.05,-0.00 243.25,-0.00 236.75,0.00 239.95,0.00"/>
    <junction id="a3" type="dead_end" x="360.00" y="0.00" incLanes="b3:a3_0" intLanes="" shape="360.05,-0.00 363.25,-0.00 356.75,0.00 359.95,0.00"/>
    <junction id="b0" type="dead_end" x="0.00" y="120.00" incLanes="b1:b0_0" intLanes="" shape="-0.00,119.95 -0.00,116.75 0.00,123.25 0.00,120.05"/>
    <junction id="b1" type="traffic_light" x="120.00" y="120.00" incLanes="c1:b1_0 b2:b1_0 a1:b1_0 b0:b1_0" intLanes=":b1_0_0 :b1_1_0 :b1_12_0 :b1_3_0 :b1_4_0 :b1_13_0 :b1_6_0 :b1_7_0 :b1_14_0 :b1_9_0 :b1_10_0 :b1_15_0" shape="116.75,124.75 123.25,124.75 124.75,123.25 124.75,116.75 123.25,115.25 116.75,115.25 115.25,116.75 115.25,123.25">
        <request index="0" response="000000000000" foes="000100010000" cont="0"/>
        <request index="1" response="000000000000" foes="111100110000" cont="0"/>
        <request index="2" response="000011000000" foes="110011110000" cont="1"/>
        <request index="3" response="000010000000" foes="100010000000" cont="0"/>
        <request index="4" response="000110000111" foes="100110000111" cont="0"/>
        <request index="5" response="011110000110" foes="011110000110" cont="1"/>
        <request index="6" response="000000000000" foes="010000000100" cont="0"/>
        <request index="7" response="000000000000" foes="110000111100" cont="0"/>
        <request index="8" response="000000000011" foes="110000110011" cont="1"/>
        <request index="9" response="000000000010" foes="000000100010" cont="0"/>
        <request index="10" response="000111000110" foes="000111100110" cont="0"/>
        <request index="11" response="000110011110" foes="000110011110" cont="1"/>
    </junction>
    <junction id="b2" type="traffic_light" x="240.00" y="120.00" incLanes="c2:b2_0 b3:b2_0 a2:b2_0 b1:b2_0" intLanes=":b2_0_0 :b2_1_0 :b2_12_0 :b2_3_0 :b2_4_0 :b2_13_0 :b2_6_0 :b2_7_0 :b2_14_0 :b2_9_0 :b2_10_0 :b2_15_0" shape="236.75,124.75 243.25,124.75 244.75,123.25 244.75,116.75 243.25,115.25 236.75,115.25 235.25,116.75 235.25,123.25">
        <request index="0" response="000000000000" foes="000100010000" cont="0"/>
        <request index="1" response="000000000000" foes="111100110000" cont="0"/>
        <request index="2" response="000011000000" foes="110011110000" cont="1"/>
        <request index="3" response="000010000000" foes="100010000000" cont="0"/>
        <request index="4" response="000110000111" foes="100110000111" cont="0"/>
        <request index="5" response="011110000110" foes="011110000110" cont="1"/>
        <request index="6" response="000000000000" foes="010000000100" cont="0"/>
        <request index="7" response="000000000000" foes="110000111100" cont="0"/>
        <request index="8" response="000000000011" foes="110000110011" cont="1"/>
        <request index="9" response="000000000010" foes="000000100010" cont="0"/>
        <request index="10" response="000111000110" foes="000111100110" cont="0"/>
        <request index="11" response="000110011110" foes="000110011110" cont="1"/>
    </junction>
    <junction id="b3" type="traffic_light" x="360.00" y="120.00" incLanes="c3:b3_0 b4:b3_0 a3:b3_0 b2:b3_0" intLanes=":b3_0_0 :b3_1_0 :b3_12_0 :b3_3_0 :b3_4_0 :b3_13_0 :b3_6_0 :b3_7_0 :b3_14_0 :b3_9_0 :b3_10_0 :b3_15_0" shape="356.75,124.75 363.25,124.75 364.75,123.25 364.75,116.75 363.25,115.25 356.75,115.25 355.25,116.75 355.25,123.25">
        <request index="0" response="000000000000" foes="000100010000" cont="0"/>
        <request index="1" response="000000000000" foes="111100110000" cont="0"/>
        <request index="2" response="000011000000" foes="110011110000" cont="1"/>
        <request index="3" response="000010000000" foes="100010000000" cont="0"/>
        <request index="4" response="000110000111" foes="100110000111" cont="0"/>
        <request index="5" response="011110000110" foes="011110000110" cont="1"/>
        <request index="6" response="000000000000" foes="010000000100" cont="0"/>
        <request index="7" response="000000000000" foes="110000111100" cont="0"/>
        <request index="8" response="000000000011" foes="110000110011" cont="1"/>
        <request index="9" response="000000000010" foes="000000100010" cont="0"/>
        <request index="10" response="000111000110" foes="000111100110" cont="0"/>
        <request index="11" response="000110011110" foes="000110011110" cont="1"/>
    </junction>
    <junction id="b4" type="dead_end" x="480.00" y="120.00" incLanes="b3:b4_0" intLanes="" shape="480.00,120.05 480.00,123.25 480.00,116.75 480.00,119.95"/>
    <junction id="c0" type="dead_end" x="0.00" y="240.00" incLanes="c1:c0_0" intLanes="" shape="-0.00,239.95 -0.00,236.75 0.00,243.25 0.00,240.05"/>
    <junction id="c1" type="traffic_light" x="120.00" y="240.00" incLanes="d1:c1_0 c2:c1_0 b1:c1_0 c0:c1_0" intLanes=":c1_0_0 :c1_1_0 :c1_12_0 :c1_3_0 :c1_4_0 :c1_13_0 :c1_6_0 :c1_7_0 :c1_14_0 :c1_9_0 :c1_10_0 :c1_15_0" shape="116.75,244.75 123.25,244.75 124.75,243.25 124.75,236.75 123.25,235.25 116.75,235.25 115.25,236.75 115.25,243.25">
        <request index="0" response="000000000000" foes="000100010000" cont="0"/>
        <request index="1" response="000000000000" foes="111100110000" cont="0"/>
        <request index="2" response="000011000000" foes="110011110000" cont="1"/>
        <request index="3" response="000010000000" foes="100010000000" cont="0"/>
        <request index="4" response="000110000111" foes="100110000111" cont="0"/>
        <request index="5" response="011110000110" foes="011110000110" cont="1"/>
        <request index="6" response="000000000000" foes="010000000100" cont="0"/>
        <request index="7" response="000000000000" foes="110000111100" cont="0"/>
        <request index="8" response="000000000011" foes="110000110011" cont="1"/>
        <request index="9" response="000000000010" foes="000000100010" cont="0"/>
        <request index="10" response="000111000110" foes="000111100110" cont="0"/>
        <request index="11" response="000110011110" foes="000110011110" cont="1"/>
    </junction>
    <junction id="c2" type="traffic_light" x="240.00" y="240.00" incLanes="d2:c2_0 c3:c2_0 b2:c2_0 c1:c2_0" intLanes=":c2_0_0 :c2_1_0 :c2_12_0 :c2_3_0 :c2_4_0 :c2_13_0 :c2_6_0 :c2_7_0 :c2_14_0 :c2_9_0 :c2_10_0 :c2_15_0" shape="236.75,244.75 243.25,244.75 244.75,243.25 244.75,236.75 243.25,235.25 236.75,235.25 235.25,236.75 235.25,243.25">
        <request index="0" response="000000000000" foes="000100010000" cont="0"/>
        <request index="1" response="000000000000" foes="111100110000" cont="0"/>
        <request index="2" response="000011000000" foes="110011110000" cont="1"/>
        <request index="3" response="000010000000" foes="100010000000" cont="0"/>
        <request index="4" response="000110000111" foes="100110000111" cont="0"/>
        <request index="5" response="011110000110" foes="011110000110" cont="1"/>
        <request index="6" response="000000000000" foes="010000000100" cont="0"/>
        <request index="7" response="000000000000" foes="110000111100" cont="0"/>
        <request index="8" response="000000000011" foes="110000110011" cont="1"/>
        <request index="9" response="000000000010" foes="000000100010" cont="0"/>
        <request index="10" response="000111000110" foes="000111100110" cont="0"/>
        <request index="11" response="000110011110" foes="000110011110" cont="1"/>
    </junction>
    <junction id="c3" type="traffic_light" x="360.00" y="240.00" incLanes="d3:c3_0 c4:c3_0 b3:c3_0 c2:c3_0" intLanes=":c3_0_0 :c3_1_0 :c3_12_0 :c3_3_0 :c3_4_0 :c3_13_0 :c3_6_0 :c3_7_0 :c3_14_0 :c3_9_0 :c3_10_0 :c3_15_0" shape="356.75,244.75 363.25,244.75 364.75,243.25 364.75,236.75 363.25,235.25 356.75,235.25 355.25,236.75 355.25,243.25">
        <request index="0" response="000000000000" foes="000100010000" cont="0"/>
        <request index="1" response="000000000000" foes="111100110000" cont="0"/>
        <request index="2" response="000011000000" foes="110011110000" cont="1"/>
        <request index="3" response="000010000000" foes="100010000000" cont="0"/>
        <request index="4" response="000110000111" foes="100110000111" cont="0"/>
        <request index="5" response="011110000110" foes="011110000110" cont="1"/>
        <request index="6" response="000000000000" foes="010000000100" cont="0"/>
        <request index="7" response="000000000000" foes="110000111100" cont="0"/>
        <request index="8" response="000000000011" foes="110000110011" cont="1"/>
        <request index="9" response="000000000010" foes="000000100010" cont="0"/>
        <request index="10" response="000111000110" foes="000111100110" cont="0"/>
        <request index="11" response="000110011110" foes="000110011110" cont="1"/>
    </junction>
    <junction id="c4" type="dead_end" x="480.00" y="240.00" incLanes="c3:c4_0" intLanes="" shape="480.00,240.05 480.00,243.25 480.00,236.75 480.00,239.95"/>
    <junction id="d0" type="dead_end" x="0.00" y="360.00" incLanes="d1:d0_0" intLanes="" shape="-0.00,359.95 -0.00,356.75 0.00,363.25 0.00,360.05"/>
    <junction id="d1" type="traffic_light" x="120.00" y="360.00" incLanes="e1:d1_0 d2:d1_0 c1:d1_0 d0:d1_0" intLanes=":d1_0_0 :d1_1_0 :d1_12_0 :d1_3_0 :d1_4_0 :d1_13_0 :d1_6_0 :d1_7_0 :d1_14_0 :d1_9_0 :d1_10_0 :d1_15_0" shape="116.75,364.75 123.25,364.75 124.75,363.25 124.75,356.75 123.25,355.25 116.75,355.25 115.25,356.75 115.25,363.25">
        <request index="0" response="000000000000" foes="000100010000" cont="0"/>
        <request index="1" response="000000000000" foes="111100110000" cont="0"/>
        <request index="2" response="000011000000" foes="110011110000" cont="1"/>
        <request index="3" response="000010000000" foes="100010000000" cont="0"/>
        <request index="4" response="000110000111" foes="100110000111" cont="0"/>
        <request index="5" response="011110000110" foes="011110000110" cont="1"/>
        <request index="6" response="000000000000" foes="010000000100" cont="0"/>
        <request index="7" response="000000000000" foes="110000111100" cont="0"/>
        <request index="8" response="000000000011" foes="110000110011" cont="1"/>
        <request index="9" response="000000000010" foes="000000100010" cont="0"/>
        <request index="10" response="000111000110" foes="000111100110" cont="0"/>
        <request index="11" response="000110011110" foes="000110011110" cont="1"/>
    </junction>
    <junction id="d2" type="traffic_light" x="240.00" y="360.00" incLanes="e2:d2_0 d3:d2_0 c2:d2_0 d1:d2_0" intLanes=":d2_0_0 :d2_1_0 :d2_12_0 :d2_3_0 :d2_4_0 :d2_13_0 :d2_6_0 :d2_7_0 :d2_14_0 :d2_9_0 :d2_10_0 :d2_15_0" shape="236.75,364.75 243.25,364.75 244.75,363.25 244.75,356.75 243.25,355.25 236.75,355.25 235.25,356.75 235.25,363.25">
        <request index="0" response="000000000000" foes="000100010000" cont="0"/>
        <request index="1" response="000000000000" foes="111100110000" cont="0"/>
        <request index="2" response="000011000000" foes="110011110000" cont="1"/>
        <request index="3" response="000010000000" foes="100010000000" cont="0"/>
        <request index="4" response="000110000111" foes="100110000111" cont="0"/>
        <request index="5" response="011110000110" foes="011110000110" cont="1"/>
        <request index="6" response="000000000000" foes="010000000100" cont="0"/>
        <request index="7" response="000000000000" foes="110000111100" cont="0"/>
        <request index="8" response="000000000011" foes="110000110011" cont="1"/>
        <request index="9" response="000000000010" foes="000000100010" cont="0"/>
        <request index="10" response="000111000110" foes="000111100110" cont="0"/>
        <request index="11" response="000110011110" foes="000110011110" cont="1"/>
    </junction>
    <junction id="d3" type="traffic_light" x="360.00" y="360.00" incLanes="e3:ed_0 d4:d3_0 c3:d3_0 d2:d3_0" intLanes=":d3_0_0 :d3_1_0 :d3_12_0 :d3_3_0 :d3_4_0 :d3_13_0 :d3_6_0 :d3_7_0 :d3_14_0 :d3_9_0 :d3_10_0 :d3_15_0" shape="356.75,364.75 363.25,364.75 364.75,363.25 364.75,356.75 363.25,355.25 356.75,355.25 355.25,356.75 355.25,363.25">
        <request index="0" response="000000000000" foes="000100010000" cont="0"/>
        <request index="1" response="000000000000" foes="111100110000" cont="0"/>
        <request index="2" response="000011000000" foes="110011110000" cont="1"/>
        <request index="3" response="000010000000" foes="100010000000" cont="0"/>
        <request index="4" response="000110000111" foes="100110000111" cont="0"/>
        <request index="5" response="011110000110" foes="011110000110" cont="1"/>
        <request index="6" response="000000000000" foes="010000000100" cont="0"/>
        <request index="7" response="000000000000" foes="110000111100" cont="0"/>
        <request index="8" response="000000000011" foes="110000110011" cont="1"/>
        <request index="9" response="000000000010" foes="000000100010" cont="0"/>
        <request index="10" response="000111000110" foes="000111100110" cont="0"/>
        <request index="11" response="000110011110" foes="000110011110" cont="1"/>
    </junction>
    <junction id="d4" type="dead_end" x="480.00" y="360.00" incLanes="d3:d4_0" intLanes="" shape="480.00,360.05 480.00,363.25 480.00,356.75 480.00,359.95"/>
    <junction id="e1" type="dead_end" x="120.00" y="480.00" incLanes="d1:e1_0" intLanes="" shape="119.95,480.00 116.75,480.00 123.25,480.00 120.05,480.00"/>
    <junction id="e2" type="dead_end" x="240.00" y="480.00" incLanes="d2:e2_0" intLanes="" shape="239.95,480.00 236.75,480.00 243.25,480.00 240.05,480.00"/>
    <junction id="e3" type="dead_end" x="360.00" y="480.00" incLanes="d3:e3_0" intLanes="" shape="359.95,480.00 356.75,480.00 363.25,480.00 360.05,480.00"/>

    <junction id=":b1_12_0" type="internal" x="118.93" y="121.65" incLanes=":b1_2_0 a1:b1_0" intLanes=":b1_4_0 :b1_5_0 :b1_6_0 :b1_7_0 :b1_10_0 :b1_11_0"/>
    <junction id=":b1_13_0" type="internal" x="121.65" y="121.07" incLanes=":b1_5_0 b0:b1_0" intLanes=":b1_1_0 :b1_2_0 :b1_7_0 :b1_8_0 :b1_9_0 :b1_10_0"/>
    <junction id=":b1_14_0" type="internal" x="121.07" y="118.35" incLanes=":b1_8_0 c1:b1_0" intLanes=":b1_0_0 :b1_1_0 :b1_4_0 :b1_5_0 :b1_10_0 :b1_11_0"/>
    <junction id=":b1_15_0" type="internal" x="118.35" y="118.93" incLanes=":b1_11_0 b2:b1_0" intLanes=":b1_1_0 :b1_2_0 :b1_3_0 :b1_4_0 :b1_7_0 :b1_8_0"/>
    <junction id=":b2_12_0" type="internal" x="238.93" y="121.65" incLanes=":b2_2_0 a2:b2_0" intLanes=":b2_4_0 :b2_5_0 :b2_6_0 :b2_7_0 :b2_10_0 :b2_11_0"/>
    <junction id=":b2_13_0" type="internal" x="241.65" y="121.07" incLanes=":b2_5_0 b1:b2_0" intLanes=":b2_1_0 :b2_2_0 :b2_7_0 :b2_8_0 :b2_9_0 :b2_10_0"/>
    <junction id=":b2_14_0" type="internal" x="241.07" y="118.35" incLanes=":b2_8_0 c2:b2_0" intLanes=":b2_0_0 :b2_1_0 :b2_4_0 :b2_5_0 :b2_10_0 :b2_11_0"/>
    <junction id=":b2_15_0" type="internal" x="238.35" y="118.93" incLanes=":b2_11_0 b3:b2_0" intLanes=":b2_1_0 :b2_2_0 :b2_3_0 :b2_4_0 :b2_7_0 :b2_8_0"/>
    <junction id=":b3_12_0" type="internal" x="358.93" y="121.65" incLanes=":b3_2_0 a3:b3_0" intLanes=":b3_4_0 :b3_5_0 :b3_6_0 :b3_7_0 :b3_10_0 :b3_11_0"/>
    <junction id=":b3_13_0" type="internal" x="361.65" y="121.07" incLanes=":b3_5_0 b2:b3_0" intLanes=":b3_1_0 :b3_2_0 :b3_7_0 :b3_8_0 :b3_9_0 :b3_10_0"/>
    <junction id=":b3_14_0" type="internal" x="361.07" y="118.35" incLanes=":b3_8_0 c3:b3_0" intLanes=":b3_0_0 :b3_1_0 :b3_4_0 :b3_5_0 :b3_10_0 :b3_11_0"/>
    <junction id=":b3_15_0" type="internal" x="358.35" y="118.93" incLanes=":b3_11_0 b4:b3_0" intLanes=":b3_1_0 :b3_2_0 :b3_3_0 :b3_4_0 :b3_7_0 :b3_8_0"/>
    <junction id=":c1_12_0" type="internal" x="118.93" y="241.65" incLanes=":c1_2_0 b1:c1_0" intLanes=":c1_4_0 :c1_5_0 :c1_6_0 :c1_7_0 :c1_10_0 :c1_11_0"/>
    <junction id=":c1_13_0" type="internal" x="121.65" y="241.07" incLanes=":c1_5_0 c0:c1_0" intLanes=":c1_1_0 :c1_2_0 :c1_7_0 :c1_8_0 :c1_9_0 :c1_10_0"/>
    <junction id=":c1_14_0" type="internal" x="121.07" y="238.35" incLanes=":c1_8_0 d1:c1_0" intLanes=":c1_0_0 :c1_1_0 :c1_4_0 :c1_5_0 :c1_10_0 :c1_11_0"/>
    <junction id=":c1_15_0" type="internal" x="118.35" y="238.93" incLanes=":c1_11_0 c2:c1_0" intLanes=":c1_1_0 :c1_2_0 :c1_3_0 :c1_4_0 :c1_7_0 :c1_8_0"/>
    <junction id=":c2_12_0" type="internal" x="238.93" y="241.65" incLanes=":c2_2_0 b2:c2_0" intLanes=":c2_4_0 :c2_5_0 :c2_6_0 :c2_7_0 :c2_10_0 :c2_11_0"/>
    <junction id=":c2_13_0" type="internal" x="241.65" y="241.07" incLanes=":c2_5_0 c1:c2_0" intLanes=":c2_1_0 :c2_2_0 :c2_7_0 :c2_8_0 :c2_9_0 :c2_10_0"/>
    <junction id=":c2_14_0" type="internal" x="241.07" y="238.35" incLanes=":c2_8_0 d2:c2_0" intLanes=":c2_0_0 :c2_1_0 :c2_4_0 :c2_5_0 :c2_10_0 :c2_11_0"/>
    <junction id=":c2_15_0" type="internal" x="238.35" y="238.93" incLanes=":c2_11_0 c3:c2_0" intLanes=":c2_1_0 :c2_2_0 :c2_3_0 :c2_4_0 :c2_7_0 :c2_8_0"/>
    <junction id=":c3_12_0" type="internal" x="358.93" y="241.65" incLanes=":c3_2_0 b3:c3_0" intLanes=":c3_4_0 :c3_5_0 :c3_6_0 :c3_7_0 :c3_10_0 :c3_11_0"/>
    <junction id=":c3_13_0" type="internal" x="361.65" y="241.07" incLanes=":c3_5_0 c2:c3_0" intLanes=":c3_1_0 :c3_2_0 :c3_7_0 :c3_8_0 :c3_9_0 :c3_10_0"/>
    <junction id=":c3_14_0" type="internal" x="361.07" y="238.35" incLanes=":c3_8_0 d3:c3_0" intLanes=":c3_0_0 :c3_1_0 :c3_4_0 :c3_5_0 :c3_10_0 :c3_11_0"/>
    <junction id=":c3_15_0" type="internal" x="358.35" y="238.93" incLanes=":c3_11_0 c4:c3_0" intLanes=":c3_1_0 :c3_2_0 :c3_3_0 :c3_4_0 :c3_7_0 :c3_8_0"/>
    <junction id=":d1_12_0" type="internal" x="118.93" y="361.65" incLanes=":d1_2_0 c1:d1_0" intLanes=":d1_4_0 :d1_5_0 :d1_6_0 :d1_7_0 :d1_10_0 :d1_11_0"/>
    <junction id=":d1_13_0" type="internal" x="121.65" y="361.07" incLanes=":d1_5_0 d0:d1_0" intLanes=":d1_1_0 :d1_2_0 :d1_7_0 :d1_8_0 :d1_9_0 :d1_10_0"/>
    <junction id=":d1_14_0" type="internal" x="121.07" y="358.35" incLanes=":d1_8_0 e1:d1_0" intLanes=":d1_0_0 :d1_1_0 :d1_4_0 :d1_5_0 :d1_10_0 :d1_11_0"/>
    <junction id=":d1_15_0" type="internal" x="118.35" y="358.93" incLanes=":d1_11_0 d2:d1_0" intLanes=":d1_1_0 :d1_2_0 :d1_3_0 :d1_4_0 :d1_7_0 :d1_8_0"/>
    <junction id=":d2_12_0" type="internal" x="238.93" y="361.65" incLanes=":d2_2_0 c2:d2_0" intLanes=":d2_4_0 :d2_5_0 :d2_6_0 :d2_7_0 :d2_10_0 :d2_11_0"/>
    <junction id=":d2_13_0" type="internal" x="241.65" y="361.07" incLanes=":d2_5_0 d1:d2_0" intLanes=":d2_1_0 :d2_2_0 :d2_7_0 :d2_8_0 :d2_9_0 :d2_10_0"/>
    <junction id=":d2_14_0" type="internal" x="241.07" y="358.35" incLanes=":d2_8_0 e2:d2_0" intLanes=":d2_0_0 :d2_1_0 :d2_4_0 :d2_5_0 :d2_10_0 :d2_11_0"/>
    <junction id=":d2_15_0" type="internal" x="238.35" y="358.93" incLanes=":d2_11_0 d3:d2_0" intLanes=":d2_1_0 :d2_2_0 :d2_3_0 :d2_4_0 :d2_7_0 :d2_8_0"/>
    <junction id=":d3_12_0" type="internal" x="358.93" y="361.65" incLanes=":d3_2_0 c3:d3_0" intLanes=":d3_4_0 :d3_5_0 :d3_6_0 :d3_7_0 :d3_10_0 :d3_11_0"/>
    <junction id=":d3_13_0" type="internal" x="361.65" y="361.07" incLanes=":d3_5_0 d2:d3_0" intLanes=":d3_1_0 :d3_2_0 :d3_7_0 :d3_8_0 :d3_9_0 :d3_10_0"/>
    <junction id=":d3_14_0" type="internal" x="361.07" y="358.35" incLanes=":d3_8_0 e3:ed_0" intLanes=":d3_0_0 :d3_1_0 :d3_4_0 :d3_5_0 :d3_10_0 :d3_11_0"/>
    <junction id=":d3_15_0" type="internal" x="358.35" y="358.93" incLanes=":d3_11_0 d4:d3_0" intLanes=":d3_1_0 :d3_2_0 :d3_3_0 :d3_4_0 :d3_7_0 :d3_8_0"/>

    <connection from="a1:b1" to="b1:b2" fromLane="0" toLane="0" via=":b1_6_0" tl="b1" linkIndex="6" dir="r" state="o"/>
    <connection from="a1:b1" to="b1:c1" fromLane="0" toLane="0" via=":b1_7_0" tl="b1" linkIndex="7" dir="s" state="o"/>
    <connection from="a1:b1" to="b1:b0" fromLane="0" toLane="0" via=":b1_8_0" tl="b1" linkIndex="8" dir="l" state="o"/>
    <connection from="a2:b2" to="b2:b3" fromLane="0" toLane="0" via=":b2_6_0" tl="b2" linkIndex="6" dir="r" state="o"/>
    <connection from="a2:b2" to="b2:c2" fromLane="0" toLane="0" via=":b2_7_0" tl="b2" linkIndex="7" dir="s" state="o"/>
    <connection from="a2:b2" to="b2:b1" fromLane="0" toLane="0" via=":b2_8_0" tl="b2" linkIndex="8" dir="l" state="o"/>
    <connection from="a3:b3" to="b3:b4" fromLane="0" toLane="0" via=":b3_6_0" tl="b3" linkIndex="6" dir="r" state="o"/>
    <connection from="a3:b3" to="b3:c3" fromLane="0" toLane="0" via=":b3_7_0" tl="b3" linkIndex="7" dir="s" state="o"/>
    <connection from="a3:b3" to="b3:b2" fromLane="0" toLane="0" via=":b3_8_0" tl="b3" linkIndex="8" dir="l" state="o"/>
    <connection from="b0:b1" to="b1:a1" fromLane="0" toLane="0" via=":b1_9_0" tl="b1" linkIndex="9" dir="r" state="o"/>
    <connection from="b0:b1" to="b1:b2" fromLane="0" toLane="0" via=":b1_10_0" tl="b1" linkIndex="10" dir="s" state="o"/>
    <connection from="b0:b1" to="b1:c1" fromLane="0" toLane="0" via=":b1_11_0" tl="b1" linkIndex="11" dir="l" state="o"/>
    <connection from="b1:b2" to="b2:a2" fromLane="0" toLane="0" via=":b2_9_0" tl="b2" linkIndex="9" dir="r" state="o"/>
    <connection from="b1:b2" to="b2:b3" fromLane="0" toLane="0" via=":b2_10_0" tl="b2" linkIndex="10" dir="s" state="o"/>
    <connection from="b1:b2" to="b2:c2" fromLane="0" toLane="0" via=":b2_11_0" tl="b2" linkIndex="11" dir="l" state="o"/>
    <connection from="b1:c1" to="c1:c2" fromLane="0" toLane="0" via=":c1_6_0" tl="c1" linkIndex="6" dir="r" state="o"/>
    <connection from="b1:c1" to="c1:d1" fromLane="0" toLane="0" via=":c1_7_0" tl="c1" linkIndex="7" dir="s" state="o"/>
    <connection from="b1:c1" to="c1:c0" fromLane="0" toLane="0" via=":c1_8_0" tl="c1" linkIndex="8" dir="l" state="o"/>
    <connection from="b2:b1" to="b1:c1" fromLane="0" toLane="0" via=":b1_3_0" tl="b1" linkIndex="3" dir="r" state="o"/>
    <connection from="b2:b1" to="b1:b0" fromLane="0" toLane="0" via=":b1_4_0" tl="b1" linkIndex="4" dir="s" state="o"/>
    <connection from="b2:b1" to="b1:a1" fromLane="0" toLane="0" via=":b1_5_0" tl="b1" linkIndex="5" dir="l" state="o"/>
    <connection from="b2:b3" to="b3:a3" fromLane="0" toLane="0" via=":b3_9_0" tl="b3" linkIndex="9" dir="r" state="o"/>
    <connection from="b2:b3" to="b3:b4" fromLane="0" toLane="0" via=":b3_10_0" tl="b3" linkIndex="10" dir="s" state="o"/>
    <connection from="b2:b3" to="b3:c3" fromLane="0" toLane="0" via=":b3_11_0" tl="b3" linkIndex="11" dir="l" state="o"/>
    <connection from="b2:c2" to="c2:c3" fromLane="0" toLane="0" via=":c2_6_0" tl="c2" linkIndex="6" dir="r" state="o"/>
    <connection from="b2:c2" to="c2:d2" fromLane="0" toLane="0" via=":c2_7_0" tl="c2" linkIndex="7" dir="s" state="o"/>
    <connection from="b2:c2" to="c2:c1" fromLane="0" toLane="0" via=":c2_8_0" tl="c2" linkIndex="8" dir="l" state="o"/>
    <connection from="b3:b2" to="b2:c2" fromLane="0" toLane="0" via=":b2_3_0" tl="b2" linkIndex="3" dir="r" state="o"/>
    <connection from="b3:b2" to="b2:b1" fromLane="0" toLane="0" via=":b2_4_0" tl="b2" linkIndex="4" dir="s" state="o"/>
    <connection from="b3:b2" to="b2:a2" fromLane="0" toLane="0" via=":b2_5_0" tl="b2" linkIndex="5" dir="l" state="o"/>
    <connection from="b3:c3" to="c3:c4" fromLane="0" toLane="0" via=":c3_6_0" tl="c3" linkIndex="6" dir="r" state="o"/>
    <connection from="b3:c3" to="c3:d3" fromLane="0" toLane="0" via=":c3_7_0" tl="c3" linkIndex="7" dir="s" state="o"/>
    <connection from="b3:c3" to="c3:c2" fromLane="0" toLane="0" via=":c3_8_0" tl="c3" linkIndex="8" dir="l" state="o"/>
    <connection from="b4:b3" to="b3:c3" fromLane="0" toLane="0" via=":b3_3_0" tl="b3" linkIndex="3" dir="r" state="o"/>
    <connection from="b4:b3" to="b3:b2" fromLane="0" toLane="0" via=":b3_4_0" tl="b3" linkIndex="4" dir="s" state="o"/>
    <connection from="b4:b3" to="b3:a3" fromLane="0" toLane="0" via=":b3_5_0" tl="b3" linkIndex="5" dir="l" state="o"/>
    <connection from="c0:c1" to="c1:b1" fromLane="0" toLane="0" via=":c1_9_0" tl="c1" linkIndex="9" dir="r" state="o"/>
    <connection from="c0:c1" to="c1:c2" fromLane="0" toLane="0" via=":c1_10_0" tl="c1" linkIndex="10" dir="s" state="o"/>
    <connection from="c0:c1" to="c1:d1" fromLane="0" toLane="0" via=":c1_11_0" tl="c1" linkIndex="11" dir="l" state="o"/>
    <connection from="c1:b1" to="b1:b0" fromLane="0" toLane="0" via=":b1_0_0" tl="b1" linkIndex="0" dir="r" state="o"/>
    <connection from="c1:b1" to="b1:a1" fromLane="0" toLane="0" via=":b1_1_0" tl="b1" linkIndex="1" dir="s" state="o"/>
    <connection from="c1:b1" to="b1:b2" fromLane="0" toLane="0" via=":b1_2_0" tl="b1" linkIndex="2" dir="l" state="o"/>
    <connection from="c1:c2" to="c2:b2" fromLane="0" toLane="0" via=":c2_9_0" tl="c2" linkIndex="9" dir="r" state="o"/>
    <connection from="c1:c2" to="c2:c3" fromLane="0" toLane="0" via=":c2_10_0" tl="c2" linkIndex="10" dir="s" state="o"/>
    <connection from="c1:c2" to="c2:d2" fromLane="0" toLane="0" via=":c2_11_0" tl="c2" linkIndex="11" dir="l" state="o"/>
    <connection from="c1:d1" to="d1:d2" fromLane="0" toLane="0" via=":d1_6_0" tl="d1" linkIndex="6" dir="r" state="o"/>
    <connection from="c1:d1" to="d1:e1" fromLane="0" toLane="0" via=":d1_7_0" tl="d1" linkIndex="7" dir="s" state="o"/>
    <connection from="c1:d1" to="d1:d0" fromLane="0" toLane="0" via=":d1_8_0" tl="d1" linkIndex="8" dir="l" state="o"/>
    <connection from="c2:b2" to="b2:b1" fromLane="0" toLane="0" via=":b2_0_0" tl="b2" linkIndex="0" dir="r" state="o"/>
    <connection from="c2:b2" to="b2:a2" fromLane="0" toLane="0" via=":b2_1_0" tl="b2" linkIndex="1" dir="s" state="o"/>
    <connection from="c2:b2" to="b2:b3" fromLane="0" toLane="0" via=":b2_2_0" tl="b2" linkIndex="2" dir="l" state="o"/>
    <connection from="c2:c1" to="c1:d1" fromLane="0" toLane="0" via=":c1_3_0" tl="c1" linkIndex="3" dir="r" state="o"/>
    <connection from="c2:c1" to="c1:c0" fromLane="0" toLane="0" via=":c1_4_0" tl="c1" linkIndex="4" dir="s" state="o"/>
    <connection from="c2:c1" to="c1:b1" fromLane="0" toLane="0" via=":c1_5_0" tl="c1" linkIndex="5" dir="l" state="o"/>
    <connection from="c2:c3" to="c3:b3" fromLane="0" toLane="0" via=":c3_9_0" tl="c3" linkIndex="9" dir="r" state="o"/>
    <connection from="c2:c3" to="c3:c4" fromLane="0" toLane="0" via=":c3_10_0" tl="c3" linkIndex="10" dir="s" state="o"/>
    <connection from="c2:c3" to="c3:d3" fromLane="0" toLane="0" via=":c3_11_0" tl="c3" linkIndex="11" dir="l" state="o"/>
    <connection from="c2:d2" to="d2:d3" fromLane="0" toLane="0" via=":d2_6_0" tl="d2" linkIndex="6" dir="r" state="o"/>
    <connection from="c2:d2" to="d2:e2" fromLane="0" toLane="0" via=":d2_7_0" tl="d2" linkIndex="7" dir="s" state="o"/>
    <connection from="c2:d2" to="d2:d1" fromLane="0" toLane="0" via=":d2_8_0" tl="d2" linkIndex="8" dir="l" state="o"/>
    <connection from="c3:b3" to="b3:b2" fromLane="0" toLane="0" via=":b3_0_0" tl="b3" linkIndex="0" dir="r" state="o"/>
    <connection from="c3:b3" to="b3:a3" fromLane="0" toLane="0" via=":b3_1_0" tl="b3" linkIndex="1" dir="s" state="o"/>
    <connection from="c3:b3" to="b3:b4" fromLane="0" toLane="0" via=":b3_2_0" tl="b3" linkIndex="2" dir="l" state="o"/>
    <connection from="c3:c2" to="c2:d2" fromLane="0" toLane="0" via=":c2_3_0" tl="c2" linkIndex="3" dir="r" state="o"/>
    <connection from="c3:c2" to="c2:c1" fromLane="0" toLane="0" via=":c2_4_0" tl="c2" linkIndex="4" dir="s" state="o"/>
    <connection from="c3:c2" to="c2:b2" fromLane="0" toLane="0" via=":c2_5_0" tl="c2" linkIndex="5" dir="l" state="o"/>
    <connection from="c3:d3" to="d3:d4" fromLane="0" toLane="0" via=":d3_6_0" tl="d3" linkIndex="6" dir="r" state="o"/>
    <connection from="c3:d3" to="d3:e3" fromLane="0" toLane="0" via=":d3_7_0" tl="d3" linkIndex="7" dir="s" state="o"/>
    <connection from="c3:d3" to="d3:d2" fromLane="0" toLane="0" via=":d3_8_0" tl="d3" linkIndex="8" dir="l" state="o"/>
    <connection from="c4:c3" to="c3:d3" fromLane="0" toLane="0" via=":c3_3_0" tl="c3" linkIndex="3" dir="r" state="o"/>
    <connection from="c4:c3" to="c3:c2" fromLane="0" toLane="0" via=":c3_4_0" tl="c3" linkIndex="4" dir="s" state="o"/>
    <connection from="c4:c3" to="c3:b3" fromLane="0" toLane="0" via=":c3_5_0" tl="c3" linkIndex="5" dir="l" state="o"/>
    <connection from="d0:d1" to="d1:c1" fromLane="0" toLane="0" via=":d1_9_0" tl="d1" linkIndex="9" dir="r" state="o"/>
    <connection from="d0:d1" to="d1:d2" fromLane="0" toLane="0" via=":d1_10_0" tl="d1" linkIndex="10" dir="s" state="o"/>
    <connection from="d0:d1" to="d1:e1" fromLane="0" toLane="0" via=":d1_11_0" tl="d1" linkIndex="11" dir="l" state="o"/>
    <connection from="d1:c1" to="c1:c0" fromLane="0" toLane="0" via=":c1_0_0" tl="c1" linkIndex="0" dir="r" state="o"/>
    <connection from="d1:c1" to="c1:b1" fromLane="0" toLane="0" via=":c1_1_0" tl="c1" linkIndex="1" dir="s" state="o"/>
    <connection from="d1:c1" to="c1:c2" fromLane="0" toLane="0" via=":c1_2_0" tl="c1" linkIndex="2" dir="l" state="o"/>
    <connection from="d1:d2" to="d2:c2" fromLane="0" toLane="0" via=":d2_9_0" tl="d2" linkIndex="9" dir="r" state="o"/>
    <connection from="d1:d2" to="d2:d3" fromLane="0" toLane="0" via=":d2_10_0" tl="d2" linkIndex="10" dir="s" state="o"/>
    <connection from="d1:d2" to="d2:e2" fromLane="0" toLane="0" via=":d2_11_0" tl="d2" linkIndex="11" dir="l" state="o"/>
    <connection from="d2:c2" to="c2:c1" fromLane="0" toLane="0" via=":c2_0_0" tl="c2" linkIndex="0" dir="r" state="o"/>
    <connection from="d2:c2" to="c2:b2" fromLane="0" toLane="0" via=":c2_1_0" tl="c2" linkIndex="1" dir="s" state="o"/>
    <connection from="d2:c2" to="c2:c3" fromLane="0" toLane="0" via=":c2_2_0" tl="c2" linkIndex="2" dir="l" state="o"/>
    <connection from="d2:d1" to="d1:e1" fromLane="0" toLane="0" via=":d1_3_0" tl="d1" linkIndex="3" dir="r" state="o"/>
    <connection from="d2:d1" to="d1:d0" fromLane="0" toLane="0" via=":d1_4_0" tl="d1" linkIndex="4" dir="s" state="o"/>
    <connection from="d2:d1" to="d1:c1" fromLane="0" toLane="0" via=":d1_5_0" tl="d1" linkIndex="5" dir="l" state="o"/>
    <connection from="d2:d3" to="d3:c3" fromLane="0" toLane="0" via=":d3_9_0" tl="d3" linkIndex="9" dir="r" state="o"/>
    <connection from="d2:d3" to="d3:d4" fromLane="0" toLane="0" via=":d3_10_0" tl="d3" linkIndex="10" dir="s" state="o"/>
    <connection from="d2:d3" to="d3:e3" fromLane="0" toLane="0" via=":d3_11_0" tl="d3" linkIndex="11" dir="l" state="o"/>
    <connection from="d3:c3" to="c3:c2" fromLane="0" toLane="0" via=":c3_0_0" tl="c3" linkIndex="0" dir="r" state="o"/>
    <connection from="d3:c3" to="c3:b3" fromLane="0" toLane="0" via=":c3_1_0" tl="c3" linkIndex="1" dir="s" state="o"/>
    <connection from="d3:c3" to="c3:c4" fromLane="0" toLane="0" via=":c3_2_0" tl="c3" linkIndex="2" dir="l" state="o"/>
    <connection from="d3:d2" to="d2:e2" fromLane="0" toLane="0" via=":d2_3_0" tl="d2" linkIndex="3" dir="r" state="o"/>
    <connection from="d3:d2" to="d2:d1" fromLane="0" toLane="0" via=":d2_4_0" tl="d2" linkIndex="4" dir="s" state="o"/>
    <connection from="d3:d2" to="d2:c2" fromLane="0" toLane="0" via=":d2_5_0" tl="d2" linkIndex="5" dir="l" state="o"/>
    <connection from="d4:d3" to="d3:e3" fromLane="0" toLane="0" via=":d3_3_0" tl="d3" linkIndex="3" dir="r" state="o"/>
    <connection from="d4:d3" to="d3:d2" fromLane="0" toLane="0" via=":d3_4_0" tl="d3" linkIndex="4" dir="s" state="o"/>
    <connection from="d4:d3" to="d3:c3" fromLane="0" toLane="0" via=":d3_5_0" tl="d3" linkIndex="5" dir="l" state="o"/>
    <connection from="e1:d1" to="d1:d0" fromLane="0" toLane="0" via=":d1_0_0" tl="d1" linkIndex="0" dir="r" state="o"/>
    <connection from="e1:d1" to="d1:c1" fromLane="0" toLane="0" via=":d1_1_0" tl="d1" linkIndex="1" dir="s" state="o"/>
    <connection from="e1:d1" to="d1:d2" fromLane="0" toLane="0" via=":d1_2_0" tl="d1" linkIndex="2" dir="l" state="o"/>
    <connection from="e2:d2" to="d2:d1" fromLane="0" toLane="0" via=":d2_0_0" tl="d2" linkIndex="0" dir="r" state="o"/>
    <connection from="e2:d2" to="d2:c2" fromLane="0" toLane="0" via=":d2_1_0" tl="d2" linkIndex="1" dir="s" state="o"/>
    <connection from="e2:d2" to="d2:d3" fromLane="0" toLane="0" via=":d2_2_0" tl="d2" linkIndex="2" dir="l" state="o"/>
    <connection from="e3:ed" to="d3:d2" fromLane="0" toLane="0" via=":d3_0_0" tl="d3" linkIndex="0" dir="r" state="o"/>
    <connection from="e3:ed" to="d3:c3" fromLane="0" toLane="0" via=":d3_1_0" tl="d3" linkIndex="1" dir="s" state="o"/>
    <connection from="e3:ed" to="d3:d4" fromLane="0" toLane="0" via=":d3_2_0" tl="d3" linkIndex="2" dir="l" state="o"/>

    <connection from=":b1_0" to="b1:b0" fromLane="0" toLane="0" dir="s" state="M"/>
    <connection from=":b1_1" to="b1:a1" fromLane="0" toLane="0" dir="s" state="M"/>
    <connection from=":b1_2" to="b1:b2" fromLane="0" toLane="0" via=":b1_12_0" dir="s" state="M"/>
    <connection from=":b1_12" to="b1:b2" fromLane="0" toLane="0" dir="s" state="M"/>
    <connection from=":b1_3" to="b1:c1" fromLane="0" toLane="0" dir="s" state="M"/>
    <connection from=":b1_4" to="b1:b0" fromLane="0" toLane="0" dir="s" state="M"/>
    <connection from=":b1_5" to="b1:a1" fromLane="0" toLane="0" via=":b1_13_0" dir="s" state="M"/>
    <connection from=":b1_13" to="b1:a1" fromLane="0" toLane="0" dir="s" state="M"/>
    <connection from=":b1_6" to="b1:b2" fromLane="0" toLane="0" dir="s" state="M"/>
    <connection from=":b1_7" to="b1:c1" fromLane="0" toLane="0" dir="s" state="M"/>
    <connection from=":b1_8" to="b1:b0" fromLane="0" toLane="0" via=":b1_14_0" dir="s" state="M"/>
    <connection from=":b1_14" to="b1:b0" fromLane="0" toLane="0" dir="s" state="M"/>
    <connection from=":b1_9" to="b1:a1" fromLane="0" toLane="0" dir="s" state="M"/>
    <connection from=":b1_10" to="b1:b2" fromLane="0" toLane="0" dir="s" state="M"/>
    <connection from=":b1_11" to="b1:c1" fromLane="0" toLane="0" via=":b1_15_0" dir="s" state="M"/>
    <connection from=":b1_15" to="b1:c1" fromLane="0" toLane="0" dir="s" state="M"/>
    <connection from=":b2_0" to="b2:b1" fromLane="0" toLane="0" dir="s" state="M"/>
    <connection from=":b2_1" to="b2:a2" fromLane="0" toLane="0" dir="s" state="M"/>
    <connection from=":b2_2" to="b2:b3" fromLane="0" toLane="0" via=":b2_12_0" dir="s" state="M"/>
    <connection from=":b2_12" to="b2:b3" fromLane="0" toLane="0" dir="s" state="M"/>
    <connection from=":b2_3" to="b2:c2" fromLane="0" toLane="0" dir="s" state="M"/>
    <connection from=":b2_4" to="b2:b1" fromLane="0" toLane="0" dir="s" state="M"/>
    <connection from=":b2_5" to="b2:a2" fromLane="0" toLane="0" via=":b2_13_0" dir="s" state="M"/>
    <connection from=":b2_13" to="b2:a2" fromLane="0" toLane="0" dir="s" state="M"/>
    <connection from=":b2_6" to="b2:b3" fromLane="0" toLane="0" dir="s" state="M"/>
    <connection from=":b2_7" to="b2:c2" fromLane="0" toLane="0" dir="s" state="M"/>
    <connection from=":b2_8" to="b2:b1" fromLane="0" toLane="0" via=":b2_14_0" dir="s" state="M"/>
    <connection from=":b2_14" to="b2:b1" fromLane="0" toLane="0" dir="s" state="M"/>
    <connection from=":b2_9" to="b2:a2" fromLane="0" toLane="0" dir="s" state="M"/>
    <connection from=":b2_10" to="b2:b3" fromLane="0" toLane="0" dir="s" state="M"/>
    <connection from=":b2_11" to="b2:c2" fromLane="0" toLane="0" via=":b2_15_0" dir="s" state="M"/>
    <connection from=":b2_15" to="b2:c2" fromLane="0" toLane="0" dir="s" state="M"/>
    <connection from=":b3_0" to="b3:b2" fromLane="0" toLane="0" dir="s" state="M"/>
    <connection from=":b3_1" to="b3:a3" fromLane="0" toLane="0" dir="s" state="M"/>
    <connection from=":b3_2" to="b3:b4" fromLane="0" toLane="0" via=":b3_12_0" dir="s" state="M"/>
    <connection from=":b3_12" to="b3:b4" fromLane="0" toLane="0" dir="s" state="M"/>
    <connection from=":b3_3" to="b3:c3" fromLane="0" toLane="0" dir="s" state="M"/>
    <connection from=":b3_4" to="b3:b2" fromLane="0" toLane="0" dir="s" state="M"/>
    <connection from=":b3_5" to="b3:a3" fromLane="0" toLane="0" via=":b3_13_0" dir="s" state="M"/>
    <connection from=":b3_13" to="b3:a3" fromLane="0" toLane="0" dir="s" state="M"/>
    <connection from=":b3_6" to="b3:b4" fromLane="0" toLane="0" dir="s" state="M"/>
    <connection from=":b3_7" to="b3:c3" fromLane="0" toLane="0" dir="s" state="M"/>
    <connection from=":b3_8" to="b3:b2" fromLane="0" toLane="0" via=":b3_14_0" dir="s" state="M"/>
    <connection from=":b3_14" to="b3:b2" fromLane="0" toLane="0" dir="s" state="M"/>
    <connection from=":b3_9" to="b3:a3" fromLane="0" toLane="0" dir="s" state="M"/>
    <connection from=":b3_10" to="b3:b4" fromLane="0" toLane="0" dir="s" state="M"/>
    <connection from=":b3_11" to="b3:c3" fromLane="0" toLane="0" via=":b3_15_0" dir="s" state="M"/>
    <connection from=":b3_15" to="b3:c3" fromLane="0" toLane="0" dir="s" state="M"/>
    <connection from=":c1_0" to="c1:c0" fromLane="0" toLane="0" dir="s" state="M"/>
    <connection from=":c1_1" to="c1:b1" fromLane="0" toLane="0" dir="s" state="M"/>
    <connection from=":c1_2" to="c1:c2" fromLane="0" toLane="0" via=":c1_12_0" dir="s" state="M"/>
    <connection from=":c1_12" to="c1:c2" fromLane="0" toLane="0" dir="s" state="M"/>
    <connection from=":c1_3" to="c1:d1" fromLane="0" toLane="0" dir="s" state="M"/>
    <connection from=":c1_4" to="c1:c0" fromLane="0" toLane="0" dir="s" state="M"/>
    <connection from=":c1_5" to="c1:b1" fromLane="0" toLane="0" via=":c1_13_0" dir="s" state="M"/>
    <connection from=":c1_13" to="c1:b1" fromLane="0" toLane="0" dir="s" state="M"/>
    <connection from=":c1_6" to="c1:c2" fromLane="0" toLane="0" dir="s" state="M"/>
    <connection from=":c1_7" to="c1:d1" fromLane="0" toLane="0" dir="s" state="M"/>
    <connection from=":c1_8" to="c1:c0" fromLane="0" toLane="0" via=":c1_14_0" dir="s" state="M"/>
    <connection from=":c1_14" to="c1:c0" fromLane="0" toLane="0" dir="s" state="M"/>
    <connection from=":c1_9" to="c1:b1" fromLane="0" toLane="0" dir="s" state="M"/>
    <connection from=":c1_10" to="c1:c2" fromLane="0" toLane="0" dir="s" state="M"/>
    <connection from=":c1_11" to="c1:d1" fromLane="0" toLane="0" via=":c1_15_0" dir="s" state="M"/>
    <connection from=":c1_15" to="c1:d1" fromLane="0" toLane="0" dir="s" state="M"/>
    <connection from=":c2_0" to="c2:c1" fromLane="0" toLane="0" dir="s" state="M"/>
    <connection from=":c2_1" to="c2:b2" fromLane="0" toLane="0" dir="s" state="M"/>
    <connection from=":c2_2" to="c2:c3" fromLane="0" toLane="0" via=":c2_12_0" dir="s" state="M"/>
    <connection from=":c2_12" to="c2:c3" fromLane="0" toLane="0" dir="s" state="M"/>
    <connection from=":c2_3" to="c2:d2" fromLane="0" toLane="0" dir="s" state="M"/>
    <connection from=":c2_4" to="c2:c1" fromLane="0" toLane="0" dir="s" state="M"/>
    <connection from=":c2_5" to="c2:b2" fromLane="0" toLane="0" via=":c2_13_0" dir="s" state="M"/>
    <connection from=":c2_13" to="c2:b2" fromLane="0" toLane="0" dir="s" state="M"/>
    <connection from=":c2_6" to="c2:c3" fromLane="0" toLane="0" dir="s" state="M"/>
    <connection from=":c2_7" to="c2:d2" fromLane="0" toLane="0" dir="s" state="M"/>
    <connection from=":c2_8" to="c2:c1" fromLane="0" toLane="0" via=":c2_14_0" dir="s" state="M"/>
    <connection from=":c2_14" to="c2:c1" fromLane="0" toLane="0" dir="s" state="M"/>
    <connection from=":c2_9" to="c2:b2" fromLane="0" toLane="0" dir="s" state="M"/>
    <connection from=":c2_10" to="c2:c3" fromLane="0" toLane="0" dir="s" state="M"/>
    <connection from=":c2_11" to="c2:d2" fromLane="0" toLane="0" via=":c2_15_0" dir="s" state="M"/>
    <connection from=":c2_15" to="c2:d2" fromLane="0" toLane="0" dir="s" state="M"/>
    <connection from=":c3_0" to="c3:c2" fromLane="0" toLane="0" dir="s" state="M"/>
    <connection from=":c3_1" to="c3:b3" fromLane="0" toLane="0" dir="s" state="M"/>
    <connection from=":c3_2" to="c3:c4" fromLane="0" toLane="0" via=":c3_12_0" dir="s" state="M"/>
    <connection from=":c3_12" to="c3:c4" fromLane="0" toLane="0" dir="s" state="M"/>
    <connection from=":c3_3" to="c3:d3" fromLane="0" toLane="0" dir="s" state="M"/>
    <connection from=":c3_4" to="c3:c2" fromLane="0" toLane="0" dir="s" state="M"/>
    <connection from=":c3_5" to="c3:b3" fromLane="0" toLane="0" via=":c3_13_0" dir="s" state="M"/>
    <connection from=":c3_13" to="c3:b3" fromLane="0" toLane="0" dir="s" state="M"/>
    <connection from=":c3_6" to="c3:c4" fromLane="0" toLane="0" dir="s" state="M"/>
    <connection from=":c3_7" to="c3:d3" fromLane="0" toLane="0" dir="s" state="M"/>
    <connection from=":c3_8" to="c3:c2" fromLane="0" toLane="0" via=":c3_14_0" dir="s" state="M"/>
    <connection from=":c3_14" to="c3:c2" fromLane="0" toLane="0" dir="s" state="M"/>
    <connection from=":c3_9" to="c3:b3" fromLane="0" toLane="0" dir="s" state="M"/>
    <connection from=":c3_10" to="c3:c4" fromLane="0" toLane="0" dir="s" state="M"/>
    <connection from=":c3_11" to="c3:d3" fromLane="0" toLane="0" via=":c3_15_0" dir="s" state="M"/>
    <connection from=":c3_15" to="c3:d3" fromLane="0" toLane="0" dir="s" state="M"/>
    <connection from=":d1_0" to="d1:d0" fromLane="0" toLane="0" dir="s" state="M"/>
    <connection from=":d1_1" to="d1:c1" fromLane="0" toLane="0" dir="s" state="M"/>
    <connection from=":d1_2" to="d1:d2" fromLane="0" toLane="0" via=":d1_12_0" dir="s" state="M"/>
    <connection from=":d1_12" to="d1:d2" fromLane="0" toLane="0" dir="s" state="M"/>
    <connection from=":d1_3" to="d1:e1" fromLane="0" toLane="0" dir="s" state="M"/>
    <connection from=":d1_4" to="d1:d0" fromLane="0" toLane="0" dir="s" state="M"/>
    <connection from=":d1_5" to="d1:c1" fromLane="0" toLane="0" via=":d1_13_0" dir="s" state="M"/>
    <connection from=":d1_13" to="d1:c1" fromLane="0" toLane="0" dir="s" state="M"/>
    <connection from=":d1_6" to="d1:d2" fromLane="0" toLane="0" dir="s" state="M"/>
    <connection from=":d1_7" to="d1:e1" fromLane="0" toLane="0" dir="s" state="M"/>
    <connection from=":d1_8" to="d1:d0" fromLane="0" toLane="0" via=":d1_14_0" dir="s" state="M"/>
    <connection from=":d1_14" to="d1:d0" fromLane="0" toLane="0" dir="s" state="M"/>
    <connection from=":d1_9" to="d1:c1" fromLane="0" toLane="0" dir="s" state="M"/>
    <connection from=":d1_10" to="d1:d2" fromLane="0" toLane="0" dir="s" state="M"/>
    <connection from=":d1_11" to="d1:e1" fromLane="0" toLane="0" via=":d1_15_0" dir="s" state="M"/>
    <connection from=":d1_15" to="d1:e1" fromLane="0" toLane="0" dir="s" state="M"/>
    <connection from=":d2_0" to="d2:d1" fromLane="0" toLane="0" dir="s" state="M"/>
    <connection from=":d2_1" to="d2:c2" fromLane="0" toLane="0" dir="s" state="M"/>
    <connection from=":d2_2" to="d2:d3" fromLane="0" toLane="0" via=":d2_12_0" dir="s" state="M"/>
    <connection from=":d2_12" to="d2:d3" fromLane="0" toLane="0" dir="s" state="M"/>
    <connection from=":d2_3" to="d2:e2" fromLane="0" toLane="0" dir="s" state="M"/>
    <connection from=":d2_4" to="d2:d1" fromLane="0" toLane="0" dir="s" state="M"/>
    <connection from=":d2_5" to="d2:c2" fromLane="0" toLane="0" via=":d2_13_0" dir="s" state="M"/>
    <connection from=":d2_13" to="d2:c2" fromLane="0" toLane="0" dir="s" state="M"/>
    <connection from=":d2_6" to="d2:d3" fromLane="0" toLane="0" dir="s" state="M"/>
    <connection from=":d2_7" to="d2:e2" fromLane="0" toLane="0" dir="s" state="M"/>
    <connection from=":d2_8" to="d2:d1" fromLane="0" toLane="0" via=":d2_14_0" dir="s" state="M"/>
    <connection from=":d2_14" to="d2:d1" fromLane="0" toLane="0" dir="s" state="M"/>
    <connection from=":d2_9" to="d2:c2" fromLane="0" toLane="0" dir="s" state="M"/>
    <connection from=":d2_10" to="d2:d3" fromLane="0" toLane="0" dir="s" state="M"/>
    <connection from=":d2_11" to="d2:e2" fromLane="0" toLane="0" via=":d2_15_0" dir="s" state="M"/>
    <connection from=":d2_15" to="d2:e2" fromLane="0" toLane="0" dir="s" state="M"/>
    <connection from=":d3_0" to="d3:d2" fromLane="0" toLane="0" dir="s" state="M"/>
    <connection from=":d3_1" to="d3:c3" fromLane="0" toLane="0" dir="s" state="M"/>
    <connection from=":d3_2" to="d3:d4" fromLane="0" toLane="0" via=":d3_12_0" dir="s" state="M"/>
    <connection from=":d3_12" to="d3:d4" fromLane="0" toLane="0" dir="s" state="M"/>
    <connection from=":d3_3" to="d3:e3" fromLane="0" toLane="0" dir="s" state="M"/>
    <connection from=":d3_4" to="d3:d2" fromLane="0" toLane="0" dir="s" state="M"/>
    <connection from=":d3_5" to="d3:c3" fromLane="0" toLane="0" via=":d3_13_0" dir="s" state="M"/>
    <connection from=":d3_13" to="d3:c3" fromLane="0" toLane="0" dir="s" state="M"/>
    <connection from=":d3_6" to="d3:d4" fromLane="0" toLane="0" dir="s" state="M"/>
    <connection from=":d3_7" to="d3:e3" fromLane="0" toLane="0" dir="s" state="M"/>
    <connection from=":d3_8" to="d3:d2" fromLane="0" toLane="0" via=":d3_14_0" dir="s" state="M"/>
    <connection from=":d3_14" to="d3:d2" fromLane="0" toLane="0" dir="s" state="M"/>
    <connection from=":d3_9" to="d3:c3" fromLane="0" toLane="0" dir="s" state="M"/>
    <connection from=":d3_10" to="d3:d4" fromLane="0" toLane="0" dir="s" state="M"/>
    <connection from=":d3_11" to="d3:e3" fromLane="0" toLane="0" via=":d3_15_0" dir="s" state="M"/>
    <connection from=":d3_15" to="d3:e3" fromLane="0" toLane="0" dir="s" state="M"/>

</net>
