<?xml version="1.0" encoding="UTF-8"?>

<!-- generated on qui 23 nov 2017 16:17:11 -02 by SUMO gui Version 0.31.0
<?xml version="1.0" encoding="UTF-8"?>

<configuration xmlns:xsi="http://www.w3.org/2001/XMLSchema-instance" xsi:noNamespaceSchemaLocation="http://sumo.dlr.de/xsd/sumoConfiguration.xsd">

    <input>
        <net-file value="sumo/twinT/twinT.net.xml"/>
        <route-files value="sumo/twinT/twinT.rou.xml"/>
        <additional-files value="sumo/twinT/twinT.add.xml"/>
    </input>

    <output>
        <summary-output value="sumo/twinT/twinT.out.xml"/>
    </output>

    <traci_server>
        <remote-port value="33042"/>
    </traci_server>

    <gui_only>
        <start value="true"/>
    </gui_only>

</configuration>
-->

<detector xmlns:xsi="http://www.w3.org/2001/XMLSchema-instance" xsi:noNamespaceSchemaLocation="http://sumo.dlr.de/xsd/det_e1_file.xsd">
    <interval begin="0.00" end="30.00" id="e1det_0:1_0" nVehContrib="0" flow="0.00" occupancy="0.00" speed="-1.00" length="-1.00" nVehEntered="0"/>
    <interval begin="0.00" end="30.00" id="e1det_0:1_1" nVehContrib="0" flow="0.00" occupancy="0.00" speed="-1.00" length="-1.00" nVehEntered="0"/>
    <interval begin="0.00" end="30.00" id="e1det_3:1_0" nVehContrib="2" flow="240.00" occupancy="6.01" speed="6.57" length="5.00" nVehEntered="3"/>
    <interval begin="0.00" end="30.00" id="e1det_3:1_1" nVehContrib="2" flow="240.00" occupancy="2.68" speed="12.51" length="5.00" nVehEntered="2"/>
    <interval begin="0.00" end="30.00" id="e1det_5:1_0" nVehContrib="1" flow="120.00" occupancy="14.79" speed="1.13" length="5.00" nVehEntered="1"/>
    <interval begin="0.00" end="30.00" id="e1det_1:0_0" nVehContrib="2" flow="240.00" occupancy="1.31" speed="2506.34" length="5.00" nVehEntered="2"/>
    <interval begin="0.00" end="30.00" id="e1det_1:0_1" nVehContrib="1" flow="120.00" occupancy="4.96" speed="3.36" length="5.00" nVehEntered="1"/>
    <interval begin="0.00" end="30.00" id="e1det_2:0_0" nVehContrib="1" flow="120.00" occupancy="7.43" speed="2.24" length="5.00" nVehEntered="1"/>
    <interval begin="0.00" end="30.00" id="e1det_2:0_1" nVehContrib="1" flow="120.00" occupancy="1.23" speed="13.54" length="5.00" nVehEntered="1"/>
    <interval begin="0.00" end="30.00" id="e1det_9:0_0" nVehContrib="3" flow="360.00" occupancy="28.99" speed="2.02" length="5.00" nVehEntered="3"/>
    <interval begin="30.00" end="60.00" id="e1det_0:1_0" nVehContrib="3" flow="360.00" occupancy="16.12" speed="5.97" length="5.00" nVehEntered="3"/>
    <interval begin="30.00" end="60.00" id="e1det_0:1_1" nVehContrib="3" flow="360.00" occupancy="5.60" speed="10.69" length="5.00" nVehEntered="3"/>
    <interval begin="30.00" end="60.00" id="e1det_3:1_0" nVehContrib="6" flow="720.00" occupancy="16.95" speed="10.45" length="5.00" nVehEntered="5"/>
    <interval begin="30.00" end="60.00" id="e1det_3:1_1" nVehContrib="1" flow="120.00" occupancy="1.29" speed="12.96" length="5.00" nVehEntered="1"/>
    <interval begin="30.00" end="60.00" id="e1det_5:1_0" nVehContrib="1" flow="120.00" occupancy="14.44" speed="1.15" length="5.00" nVehEntered="1"/>
    <interval begin="30.00" end="60.00" id="e1det_1:0_0" nVehContrib="4" flow="480.00" occupancy="25.62" speed="5.39" length="5.00" nVehEntered="4"/>
    <interval begin="30.00" end="60.00" id="e1det_1:0_1" nVehContrib="3" flow="360.00" occupancy="7.31" speed="8.62" length="5.00" nVehEntered="3"/>
    <interval begin="30.00" end="60.00" id="e1det_2:0_0" nVehContrib="2" flow="240.00" occupancy="5.35" speed="7.37" length="5.00" nVehEntered="3"/>
    <interval begin="30.00" end="60.00" id="e1det_2:0_1" nVehContrib="1" flow="120.00" occupancy="1.22" speed="13.67" length="5.00" nVehEntered="1"/>
    <interval begin="30.00" end="60.00" id="e1det_9:0_0" nVehContrib="0" flow="0.00" occupancy="0.00" speed="-1.00" length="-1.00" nVehEntered="0"/>
    <interval begin="60.00" end="90.00" id="e1det_0:1_0" nVehContrib="4" flow="480.00" occupancy="10.09" speed="9.07" length="5.00" nVehEntered="4"/>
    <interval begin="60.00" end="90.00" id="e1det_0:1_1" nVehContrib="1" flow="120.00" occupancy="1.27" speed="13.12" length="5.00" nVehEntered="1"/>
    <interval begin="60.00" end="90.00" id="e1det_3:1_0" nVehContrib="4" flow="480.00" occupancy="8.61" speed="1257.14" length="5.00" nVehEntered="4"/>
    <interval begin="60.00" end="90.00" id="e1det_3:1_1" nVehContrib="0" flow="0.00" occupancy="0.00" speed="-1.00" length="-1.00" nVehEntered="0"/>
    <interval begin="60.00" end="90.00" id="e1det_5:1_0" nVehContrib="2" flow="240.00" occupancy="13.32" speed="8.22" length="5.00" nVehEntered="3"/>
    <interval begin="60.00" end="90.00" id="e1det_1:0_0" nVehContrib="5" flow="600.00" occupancy="19.98" speed="7.60" length="5.00" nVehEntered="5"/>
    <interval begin="60.00" end="90.00" id="e1det_1:0_1" nVehContrib="2" flow="240.00" occupancy="1.42" speed="2505.88" length="5.00" nVehEntered="2"/>
    <interval begin="60.00" end="90.00" id="e1det_2:0_0" nVehContrib="2" flow="240.00" occupancy="12.91" speed="3.32" length="5.00" nVehEntered="3"/>
    <interval begin="60.00" end="90.00" id="e1det_2:0_1" nVehContrib="3" flow="360.00" occupancy="25.10" speed="2.77" length="5.00" nVehEntered="4"/>
    <interval begin="60.00" end="90.00" id="e1det_9:0_0" nVehContrib="3" flow="360.00" occupancy="26.18" speed="2.54" length="5.00" nVehEntered="3"/>
    <interval begin="90.00" end="120.00" id="e1det_0:1_0" nVehContrib="4" flow="480.00" occupancy="12.30" speed="9.80" length="5.00" nVehEntered="4"/>
    <interval begin="90.00" end="120.00" id="e1det_0:1_1" nVehContrib="4" flow="480.00" occupancy="10.59" speed="8.28" length="5.00" nVehEntered="4"/>
    <interval begin="90.00" end="120.00" id="e1det_3:1_0" nVehContrib="8" flow="960.00" occupancy="17.49" speed="9.83" length="5.00" nVehEntered="8"/>
    <interval begin="90.00" end="120.00" id="e1det_3:1_1" nVehContrib="2" flow="240.00" occupancy="2.71" speed="12.34" length="5.00" nVehEntered="2"/>
    <interval begin="90.00" end="120.00" id="e1det_5:1_0" nVehContrib="2" flow="240.00" occupancy="25.10" speed="1.06" length="5.00" nVehEntered="1"/>
    <interval begin="90.00" end="120.00" id="e1det_1:0_0" nVehContrib="6" flow="720.00" occupancy="11.16" speed="841.87" length="5.00" nVehEntered="7"/>
    <interval begin="90.00" end="120.00" id="e1det_1:0_1" nVehContrib="3" flow="360.00" occupancy="5.12" speed="10.15" length="5.00" nVehEntered="3"/>
    <interval begin="90.00" end="120.00" id="e1det_2:0_0" nVehContrib="3" flow="360.00" occupancy="2.99" speed="11.74" length="5.00" nVehEntered="2"/>
    <interval begin="90.00" end="120.00" id="e1det_2:0_1" nVehContrib="3" flow="360.00" occupancy="5.85" speed="9.18" length="5.00" nVehEntered="3"/>
    <interval begin="90.00" end="120.00" id="e1det_9:0_0" nVehContrib="3" flow="360.00" occupancy="39.79" speed="1.36" length="5.00" nVehEntered="3"/>
    <interval begin="120.00" end="124.00" id="e1det_0:1_0" nVehContrib="1" flow="900.00" occupancy="9.59" speed="13.04" length="5.00" nVehEntered="1"/>
    <interval begin="120.00" end="124.00" id="e1det_0:1_1" nVehContrib="0" flow="0.00" occupancy="0.00" speed="-1.00" length="-1.00" nVehEntered="0"/>
    <interval begin="120.00" end="124.00" id="e1det_3:1_0" nVehContrib="0" flow="0.00" occupancy="6.06" speed="-1.00" length="-1.00" nVehEntered="1"/>
    <interval begin="120.00" end="124.00" id="e1det_3:1_1" nVehContrib="0" flow="0.00" occupancy="0.00" speed="-1.00" length="-1.00" nVehEntered="0"/>
    <interval begin="120.00" end="124.00" id="e1det_5:1_0" nVehContrib="0" flow="0.00" occupancy="0.00" speed="-1.00" length="-1.00" nVehEntered="0"/>
    <interval begin="120.00" end="124.00" id="e1det_1:0_0" nVehContrib="0" flow="0.00" occupancy="0.11" speed="-1.00" length="-1.00" nVehEntered="1"/>
    <interval begin="120.00" end="124.00" id="e1det_1:0_1" nVehContrib="0" flow="0.00" occupancy="0.00" speed="-1.00" length="-1.00" nVehEntered="0"/>
    <interval begin="120.00" end="124.00" id="e1det_2:0_0" nVehContrib="1" flow="900.00" occupancy="9.22" speed="13.56" length="5.00" nVehEntered="1"/>
    <interval begin="120.00" end="124.00" id="e1det_2:0_1" nVehContrib="0" flow="0.00" occupancy="0.00" speed="-1.00" length="-1.00" nVehEntered="0"/>
    <interval begin="120.00" end="124.00" id="e1det_9:0_0" nVehContrib="0" flow="0.00" occupancy="0.00" speed="-1.00" length="-1.00" nVehEntered="0"/>
</detector>
