<?xml version="1.0" encoding="UTF-8"?>

<!-- generated on qui 23 nov 2017 16:17:11 -02 by SUMO gui Version 0.31.0
<?xml version="1.0" encoding="UTF-8"?>

<configuration xmlns:xsi="http://www.w3.org/2001/XMLSchema-instance" xsi:noNamespaceSchemaLocation="http://sumo.dlr.de/xsd/sumoConfiguration.xsd">

    <input>
        <net-file value="sumo/twinT/twinT.net.xml"/>
        <route-files value="sumo/twinT/twinT.rou.xml"/>
        <additional-files value="sumo/twinT/twinT.add.xml"/>
    </input>

    <output>
        <summary-output value="sumo/twinT/twinT.out.xml"/>
    </output>

    <traci_server>
        <remote-port value="33042"/>
    </traci_server>

    <gui_only>
        <start value="true"/>
    </gui_only>

</configuration>
-->

<summary xmlns:xsi="http://www.w3.org/2001/XMLSchema-instance" xsi:noNamespaceSchemaLocation="http://sumo.dlr.de/xsd/summary_file.xsd">
    <step time="0.00" loaded="2" inserted="2" running="2" waiting="0" ended="0" meanWaitingTime="0.00" meanTravelTime="-1.00" halting="2" meanSpeed="0.00" meanSpeedRelative="0.00" duration="1511461033975"/>
    <step time="1.00" loaded="133" inserted="3" running="3" waiting="0" ended="0" meanWaitingTime="0.00" meanTravelTime="-1.00" halting="1" meanSpeed="1.04" meanSpeedRelative="0.07" duration="1511461034176"/>
    <step time="2.00" loaded="133" inserted="5" running="5" waiting="0" ended="0" meanWaitingTime="0.00" meanTravelTime="-1.00" halting="2" meanSpeed="1.89" meanSpeedRelative="0.14" duration="1511461034479"/>
    <step time="3.00" loaded="133" inserted="6" running="6" waiting="0" ended="0" meanWaitingTime="0.00" meanTravelTime="-1.00" halting="1" meanSpeed="3.24" meanSpeedRelative="0.23" duration="1511461034680"/>
    <step time="4.00" loaded="133" inserted="7" running="7" waiting="0" ended="0" meanWaitingTime="0.00" meanTravelTime="-1.00" halting="1" meanSpeed="4.55" meanSpeedRelative="0.33" duration="1511461034881"/>
    <step time="5.00" loaded="133" inserted="8" running="8" waiting="0" ended="0" meanWaitingTime="0.00" meanTravelTime="-1.00" halting="1" meanSpeed="5.67" meanSpeedRelative="0.41" duration="1511461035344"/>
    <step time="6.00" loaded="133" inserted="9" running="9" waiting="0" ended="0" meanWaitingTime="0.00" meanTravelTime="-1.00" halting="1" meanSpeed="6.71" meanSpeedRelative="0.48" duration="1511461035545"/>
    <step time="7.00" loaded="133" inserted="11" running="11" waiting="0" ended="0" meanWaitingTime="0.00" meanTravelTime="-1.00" halting="2" meanSpeed="7.15" meanSpeedRelative="0.52" duration="1511461035746"/>
    <step time="8.00" loaded="133" inserted="11" running="11" waiting="0" ended="0" meanWaitingTime="0.00" meanTravelTime="-1.00" halting="0" meanSpeed="8.39" meanSpeedRelative="0.60" duration="1511461035946"/>
    <step time="9.00" loaded="133" inserted="11" running="11" waiting="0" ended="0" meanWaitingTime="0.00" meanTravelTime="-1.00" halting="0" meanSpeed="9.41" meanSpeedRelative="0.68" duration="1511461036147"/>
    <step time="10.00" loaded="133" inserted="12" running="12" waiting="0" ended="0" meanWaitingTime="0.00" meanTravelTime="-1.00" halting="1" meanSpeed="9.71" meanSpeedRelative="0.70" duration="1511461036348"/>
    <step time="11.00" loaded="133" inserted="13" running="13" waiting="0" ended="0" meanWaitingTime="0.00" meanTravelTime="-1.00" halting="1" meanSpeed="9.90" meanSpeedRelative="0.71" duration="1511461036548"/>
    <step time="12.00" loaded="133" inserted="14" running="14" waiting="0" ended="0" meanWaitingTime="0.00" meanTravelTime="-1.00" halting="1" meanSpeed="10.05" meanSpeedRelative="0.72" duration="1511461036749"/>
    <step time="13.00" loaded="133" inserted="14" running="14" waiting="1" ended="0" meanWaitingTime="0.00" meanTravelTime="-1.00" halting="0" meanSpeed="11.02" meanSpeedRelative="0.79" duration="1511461036950"/>
    <step time="14.00" loaded="133" inserted="15" running="15" waiting="0" ended="0" meanWaitingTime="0.07" meanTravelTime="-1.00" halting="1" meanSpeed="10.73" meanSpeedRelative="0.77" duration="1511461037150"/>
    <step time="15.00" loaded="133" inserted="15" running="15" waiting="0" ended="0" meanWaitingTime="0.07" meanTravelTime="-1.00" halting="0" meanSpeed="10.98" meanSpeedRelative="0.79" duration="1511461037351"/>
    <step time="16.00" loaded="133" inserted="15" running="15" waiting="0" ended="0" meanWaitingTime="0.07" meanTravelTime="-1.00" halting="0" meanSpeed="10.98" meanSpeedRelative="0.79" duration="1511461037552"/>
    <step time="17.00" loaded="133" inserted="15" running="15" waiting="0" ended="0" meanWaitingTime="0.07" meanTravelTime="-1.00" halting="1" meanSpeed="10.96" meanSpeedRelative="0.79" duration="1511461037753"/>
    <step time="18.00" loaded="133" inserted="16" running="16" waiting="0" ended="0" meanWaitingTime="0.06" meanTravelTime="-1.00" halting="1" meanSpeed="10.70" meanSpeedRelative="0.77" duration="1511461037953"/>
    <step time="19.00" loaded="133" inserted="17" running="17" waiting="0" ended="0" meanWaitingTime="0.06" meanTravelTime="-1.00" halting="2" meanSpeed="10.07" meanSpeedRelative="0.73" duration="1511461038154"/>
    <step time="20.00" loaded="133" inserted="17" running="17" waiting="0" ended="0" meanWaitingTime="0.06" meanTravelTime="-1.00" halting="1" meanSpeed="10.50" meanSpeedRelative="0.76" duration="1511461038355"/>
    <step time="21.00" loaded="133" inserted="17" running="17" waiting="1" ended="0" meanWaitingTime="0.06" meanTravelTime="-1.00" halting="1" meanSpeed="10.42" meanSpeedRelative="0.75" duration="1511461038555"/>
    <step time="22.00" loaded="133" inserted="17" running="17" waiting="1" ended="0" meanWaitingTime="0.06" meanTravelTime="-1.00" halting="2" meanSpeed="9.47" meanSpeedRelative="0.68" duration="1511461038756"/>
    <step time="23.00" loaded="133" inserted="18" running="18" waiting="0" ended="0" meanWaitingTime="0.17" meanTravelTime="-1.00" halting="2" meanSpeed="8.91" meanSpeedRelative="0.64" duration="1511461038957"/>
    <step time="24.00" loaded="133" inserted="19" running="18" waiting="0" ended="1" meanWaitingTime="0.16" meanTravelTime="19.00" halting="2" meanSpeed="8.43" meanSpeedRelative="0.61" duration="1511461039157"/>
    <step time="25.00" loaded="133" inserted="19" running="18" waiting="0" ended="1" meanWaitingTime="0.16" meanTravelTime="19.00" halting="0" meanSpeed="9.10" meanSpeedRelative="0.65" duration="1511461039358"/>
    <step time="26.00" loaded="133" inserted="19" running="17" waiting="0" ended="2" meanWaitingTime="0.16" meanTravelTime="19.00" halting="1" meanSpeed="8.81" meanSpeedRelative="0.63" duration="1511461039559"/>
    <step time="27.00" loaded="133" inserted="19" running="16" waiting="0" ended="3" meanWaitingTime="0.16" meanTravelTime="21.00" halting="2" meanSpeed="8.61" meanSpeedRelative="0.62" duration="1511461039759"/>
    <step time="28.00" loaded="133" inserted="20" running="16" waiting="1" ended="4" meanWaitingTime="0.15" meanTravelTime="19.75" halting="4" meanSpeed="8.20" meanSpeedRelative="0.59" duration="1511461039960"/>
    <step time="29.00" loaded="133" inserted="21" running="17" waiting="1" ended="4" meanWaitingTime="0.14" meanTravelTime="19.75" halting="3" meanSpeed="8.28" meanSpeedRelative="0.60" duration="1511461040161"/>
    <step time="30.00" loaded="133" inserted="22" running="18" waiting="1" ended="4" meanWaitingTime="0.14" meanTravelTime="19.75" halting="1" meanSpeed="8.89" meanSpeedRelative="0.64" duration="1511461040362"/>
    <step time="31.00" loaded="133" inserted="23" running="19" waiting="0" ended="4" meanWaitingTime="0.26" meanTravelTime="19.75" halting="1" meanSpeed="9.21" meanSpeedRelative="0.66" duration="1511461040563"/>
    <step time="32.00" loaded="133" inserted="23" running="19" waiting="1" ended="4" meanWaitingTime="0.26" meanTravelTime="19.75" halting="0" meanSpeed="9.48" meanSpeedRelative="0.68" duration="1511461040764"/>
    <step time="33.00" loaded="133" inserted="23" running="18" waiting="2" ended="5" meanWaitingTime="0.26" meanTravelTime="22.40" halting="0" meanSpeed="9.52" meanSpeedRelative="0.69" duration="1511461040965"/>
    <step time="34.00" loaded="133" inserted="23" running="18" waiting="2" ended="5" meanWaitingTime="0.26" meanTravelTime="22.40" halting="0" meanSpeed="9.22" meanSpeedRelative="0.66" duration="1511461041165"/>
    <step time="35.00" loaded="133" inserted="25" running="20" waiting="1" ended="5" meanWaitingTime="0.36" meanTravelTime="22.40" halting="3" meanSpeed="8.12" meanSpeedRelative="0.58" duration="1511461041366"/>
    <step time="36.00" loaded="133" inserted="25" running="20" waiting="1" ended="5" meanWaitingTime="0.36" meanTravelTime="22.40" halting="1" meanSpeed="8.74" meanSpeedRelative="0.63" duration="1511461041567"/>
    <step time="37.00" loaded="133" inserted="26" running="20" waiting="1" ended="6" meanWaitingTime="0.35" meanTravelTime="24.33" halting="2" meanSpeed="8.73" meanSpeedRelative="0.63" duration="1511461041768"/>
    <step time="38.00" loaded="133" inserted="26" running="19" waiting="1" ended="7" meanWaitingTime="0.35" meanTravelTime="25.29" halting="1" meanSpeed="9.43" meanSpeedRelative="0.68" duration="1511461041969"/>
    <step time="39.00" loaded="133" inserted="26" running="19" waiting="2" ended="7" meanWaitingTime="0.35" meanTravelTime="25.29" halting="1" meanSpeed="10.05" meanSpeedRelative="0.72" duration="1511461042170"/>
    <step time="40.00" loaded="133" inserted="27" running="20" waiting="1" ended="7" meanWaitingTime="0.37" meanTravelTime="25.29" halting="2" meanSpeed="10.03" meanSpeedRelative="0.72" duration="1511461042370"/>
    <step time="41.00" loaded="133" inserted="28" running="21" waiting="1" ended="7" meanWaitingTime="0.64" meanTravelTime="25.29" halting="1" meanSpeed="10.07" meanSpeedRelative="0.73" duration="1511461042571"/>
    <step time="42.00" loaded="133" inserted="28" running="21" waiting="2" ended="7" meanWaitingTime="0.64" meanTravelTime="25.29" halting="0" meanSpeed="11.02" meanSpeedRelative="0.79" duration="1511461042772"/>
    <step time="43.00" loaded="133" inserted="30" running="22" waiting="1" ended="8" meanWaitingTime="0.63" meanTravelTime="26.25" halting="3" meanSpeed="10.10" meanSpeedRelative="0.73" duration="1511461042973"/>
    <step time="44.00" loaded="133" inserted="30" running="22" waiting="2" ended="8" meanWaitingTime="0.63" meanTravelTime="26.25" halting="1" meanSpeed="10.49" meanSpeedRelative="0.75" duration="1511461043174"/>
    <step time="45.00" loaded="133" inserted="30" running="22" waiting="2" ended="8" meanWaitingTime="0.63" meanTravelTime="26.25" halting="0" meanSpeed="10.52" meanSpeedRelative="0.76" duration="1511461043375"/>
    <step time="46.00" loaded="133" inserted="30" running="22" waiting="3" ended="8" meanWaitingTime="0.63" meanTravelTime="26.25" halting="0" meanSpeed="11.21" meanSpeedRelative="0.81" duration="1511461043576"/>
    <step time="47.00" loaded="133" inserted="30" running="22" waiting="3" ended="8" meanWaitingTime="0.63" meanTravelTime="26.25" halting="0" meanSpeed="11.98" meanSpeedRelative="0.86" duration="1511461043777"/>
    <step time="48.00" loaded="133" inserted="32" running="22" waiting="2" ended="10" meanWaitingTime="0.81" meanTravelTime="27.20" halting="2" meanSpeed="11.48" meanSpeedRelative="0.83" duration="1511461043977"/>
    <step time="49.00" loaded="133" inserted="34" running="22" waiting="1" ended="12" meanWaitingTime="0.91" meanTravelTime="30.67" halting="2" meanSpeed="10.63" meanSpeedRelative="0.77" duration="1511461044178"/>
    <step time="50.00" loaded="133" inserted="34" running="22" waiting="1" ended="12" meanWaitingTime="0.91" meanTravelTime="30.67" halting="0" meanSpeed="11.32" meanSpeedRelative="0.81" duration="1511461044379"/>
    <step time="51.00" loaded="133" inserted="35" running="23" waiting="0" ended="12" meanWaitingTime="1.03" meanTravelTime="30.67" halting="1" meanSpeed="11.23" meanSpeedRelative="0.81" duration="1511461044580"/>
    <step time="52.00" loaded="133" inserted="35" running="22" waiting="0" ended="13" meanWaitingTime="1.03" meanTravelTime="30.54" halting="0" meanSpeed="11.53" meanSpeedRelative="0.83" duration="1511461044780"/>
    <step time="53.00" loaded="133" inserted="35" running="20" waiting="0" ended="15" meanWaitingTime="1.03" meanTravelTime="30.47" halting="0" meanSpeed="11.86" meanSpeedRelative="0.85" duration="1511461044981"/>
    <step time="54.00" loaded="133" inserted="36" running="21" waiting="0" ended="15" meanWaitingTime="1.00" meanTravelTime="30.47" halting="2" meanSpeed="10.97" meanSpeedRelative="0.79" duration="1511461045182"/>
    <step time="55.00" loaded="133" inserted="36" running="20" waiting="0" ended="16" meanWaitingTime="1.00" meanTravelTime="31.94" halting="1" meanSpeed="11.23" meanSpeedRelative="0.81" duration="1511461045383"/>
    <step time="56.00" loaded="133" inserted="37" running="21" waiting="0" ended="16" meanWaitingTime="0.97" meanTravelTime="31.94" halting="2" meanSpeed="10.87" meanSpeedRelative="0.78" duration="1511461045584"/>
    <step time="57.00" loaded="133" inserted="37" running="18" waiting="0" ended="19" meanWaitingTime="0.97" meanTravelTime="31.47" halting="2" meanSpeed="10.58" meanSpeedRelative="0.76" duration="1511461045785"/>
    <step time="58.00" loaded="133" inserted="37" running="18" waiting="1" ended="19" meanWaitingTime="0.97" meanTravelTime="31.47" halting="0" meanSpeed="11.13" meanSpeedRelative="0.80" duration="1511461045985"/>
    <step time="59.00" loaded="133" inserted="39" running="20" waiting="0" ended="19" meanWaitingTime="0.95" meanTravelTime="31.47" halting="2" meanSpeed="10.51" meanSpeedRelative="0.76" duration="1511461046186"/>
    <step time="60.00" loaded="133" inserted="41" running="21" waiting="0" ended="20" meanWaitingTime="0.90" meanTravelTime="32.20" halting="2" meanSpeed="9.91" meanSpeedRelative="0.71" duration="1511461046387"/>
    <step time="61.00" loaded="133" inserted="42" running="21" waiting="0" ended="21" meanWaitingTime="0.88" meanTravelTime="33.38" halting="1" meanSpeed="9.82" meanSpeedRelative="0.71" duration="1511461046589"/>
    <step time="62.00" loaded="133" inserted="42" running="21" waiting="0" ended="21" meanWaitingTime="0.88" meanTravelTime="33.38" halting="0" meanSpeed="10.20" meanSpeedRelative="0.73" duration="1511461046790"/>
    <step time="63.00" loaded="133" inserted="42" running="20" waiting="1" ended="22" meanWaitingTime="0.88" meanTravelTime="33.91" halting="0" meanSpeed="10.21" meanSpeedRelative="0.74" duration="1511461046991"/>
    <step time="64.00" loaded="133" inserted="43" running="21" waiting="1" ended="22" meanWaitingTime="0.86" meanTravelTime="33.91" halting="1" meanSpeed="10.30" meanSpeedRelative="0.74" duration="1511461047191"/>
    <step time="65.00" loaded="133" inserted="44" running="22" waiting="2" ended="22" meanWaitingTime="0.84" meanTravelTime="33.91" halting="1" meanSpeed="10.15" meanSpeedRelative="0.73" duration="1511461047392"/>
    <step time="66.00" loaded="133" inserted="45" running="23" waiting="1" ended="22" meanWaitingTime="0.89" meanTravelTime="33.91" halting="1" meanSpeed="9.96" meanSpeedRelative="0.72" duration="1511461047593"/>
    <step time="67.00" loaded="133" inserted="47" running="24" waiting="0" ended="23" meanWaitingTime="0.89" meanTravelTime="33.26" halting="2" meanSpeed="9.42" meanSpeedRelative="0.68" duration="1511461047793"/>
    <step time="68.00" loaded="133" inserted="47" running="24" waiting="0" ended="23" meanWaitingTime="0.89" meanTravelTime="33.26" halting="1" meanSpeed="9.97" meanSpeedRelative="0.72" duration="1511461047994"/>
    <step time="69.00" loaded="133" inserted="48" running="24" waiting="0" ended="24" meanWaitingTime="0.88" meanTravelTime="32.62" halting="1" meanSpeed="10.07" meanSpeedRelative="0.72" duration="1511461048195"/>
    <step time="70.00" loaded="133" inserted="48" running="23" waiting="0" ended="25" meanWaitingTime="0.88" meanTravelTime="32.92" halting="0" meanSpeed="10.64" meanSpeedRelative="0.77" duration="1511461048396"/>
    <step time="71.00" loaded="133" inserted="49" running="23" waiting="0" ended="26" meanWaitingTime="0.86" meanTravelTime="33.27" halting="1" meanSpeed="10.40" meanSpeedRelative="0.75" duration="1511461048596"/>
    <step time="72.00" loaded="133" inserted="51" running="25" waiting="0" ended="26" meanWaitingTime="0.82" meanTravelTime="33.27" halting="2" meanSpeed="10.00" meanSpeedRelative="0.72" duration="1511461048797"/>
    <step time="73.00" loaded="133" inserted="52" running="25" waiting="0" ended="27" meanWaitingTime="0.81" meanTravelTime="32.93" halting="1" meanSpeed="10.10" meanSpeedRelative="0.73" duration="1511461048997"/>
    <step time="74.00" loaded="133" inserted="52" running="25" waiting="0" ended="27" meanWaitingTime="0.81" meanTravelTime="32.93" halting="0" meanSpeed="10.72" meanSpeedRelative="0.77" duration="1511461049198"/>
    <step time="75.00" loaded="133" inserted="52" running="25" waiting="0" ended="27" meanWaitingTime="0.81" meanTravelTime="32.93" halting="1" meanSpeed="10.55" meanSpeedRelative="0.76" duration="1511461049399"/>
    <step time="76.00" loaded="133" inserted="52" running="25" waiting="0" ended="27" meanWaitingTime="0.81" meanTravelTime="32.93" halting="1" meanSpeed="11.30" meanSpeedRelative="0.81" duration="1511461049599"/>
    <step time="77.00" loaded="133" inserted="53" running="25" waiting="0" ended="28" meanWaitingTime="0.79" meanTravelTime="33.39" halting="2" meanSpeed="11.35" meanSpeedRelative="0.82" duration="1511461049800"/>
    <step time="78.00" loaded="133" inserted="54" running="26" waiting="0" ended="28" meanWaitingTime="0.78" meanTravelTime="33.39" halting="2" meanSpeed="10.74" meanSpeedRelative="0.77" duration="1511461050001"/>
    <step time="79.00" loaded="133" inserted="55" running="26" waiting="0" ended="29" meanWaitingTime="0.76" meanTravelTime="32.90" halting="2" meanSpeed="10.30" meanSpeedRelative="0.74" duration="1511461050202"/>
    <step time="80.00" loaded="133" inserted="55" running="26" waiting="0" ended="29" meanWaitingTime="0.76" meanTravelTime="32.90" halting="1" meanSpeed="10.25" meanSpeedRelative="0.74" duration="1511461050402"/>
    <step time="81.00" loaded="133" inserted="56" running="26" waiting="0" ended="30" meanWaitingTime="0.75" meanTravelTime="33.27" halting="2" meanSpeed="9.63" meanSpeedRelative="0.69" duration="1511461050603"/>
    <step time="82.00" loaded="133" inserted="56" running="25" waiting="0" ended="31" meanWaitingTime="0.75" meanTravelTime="33.55" halting="0" meanSpeed="9.40" meanSpeedRelative="0.68" duration="1511461050804"/>
    <step time="83.00" loaded="133" inserted="56" running="25" waiting="0" ended="31" meanWaitingTime="0.75" meanTravelTime="33.55" halting="0" meanSpeed="9.74" meanSpeedRelative="0.70" duration="1511461051005"/>
    <step time="84.00" loaded="133" inserted="57" running="25" waiting="1" ended="32" meanWaitingTime="0.74" meanTravelTime="34.03" halting="2" meanSpeed="8.97" meanSpeedRelative="0.65" duration="1511461051206"/>
    <step time="85.00" loaded="133" inserted="58" running="26" waiting="1" ended="32" meanWaitingTime="0.72" meanTravelTime="34.03" halting="3" meanSpeed="8.97" meanSpeedRelative="0.65" duration="1511461051407"/>
    <step time="86.00" loaded="133" inserted="58" running="25" waiting="1" ended="33" meanWaitingTime="0.72" meanTravelTime="34.30" halting="3" meanSpeed="9.16" meanSpeedRelative="0.66" duration="1511461051607"/>
    <step time="87.00" loaded="133" inserted="59" running="25" waiting="0" ended="34" meanWaitingTime="0.76" meanTravelTime="34.21" halting="4" meanSpeed="8.98" meanSpeedRelative="0.65" duration="1511461051808"/>
    <step time="88.00" loaded="133" inserted="60" running="26" waiting="1" ended="34" meanWaitingTime="0.75" meanTravelTime="34.21" halting="1" meanSpeed="9.10" meanSpeedRelative="0.66" duration="1511461052009"/>
    <step time="89.00" loaded="133" inserted="60" running="26" waiting="2" ended="34" meanWaitingTime="0.75" meanTravelTime="34.21" halting="1" meanSpeed="9.17" meanSpeedRelative="0.66" duration="1511461052209"/>
    <step time="90.00" loaded="133" inserted="61" running="25" waiting="1" ended="36" meanWaitingTime="0.77" meanTravelTime="34.25" halting="2" meanSpeed="8.57" meanSpeedRelative="0.62" duration="1511461052410"/>
    <step time="91.00" loaded="133" inserted="63" running="27" waiting="1" ended="36" meanWaitingTime="0.75" meanTravelTime="34.25" halting="5" meanSpeed="7.85" meanSpeedRelative="0.57" duration="1511461052611"/>
    <step time="92.00" loaded="133" inserted="63" running="27" waiting="1" ended="36" meanWaitingTime="0.75" meanTravelTime="34.25" halting="5" meanSpeed="7.97" meanSpeedRelative="0.57" duration="1511461052811"/>
    <step time="93.00" loaded="133" inserted="65" running="29" waiting="0" ended="36" meanWaitingTime="0.78" meanTravelTime="34.25" halting="5" meanSpeed="7.93" meanSpeedRelative="0.57" duration="1511461053012"/>
    <step time="94.00" loaded="133" inserted="65" running="29" waiting="0" ended="36" meanWaitingTime="0.78" meanTravelTime="34.25" halting="1" meanSpeed="8.76" meanSpeedRelative="0.63" duration="1511461053213"/>
    <step time="95.00" loaded="133" inserted="66" running="29" waiting="1" ended="37" meanWaitingTime="0.77" meanTravelTime="34.59" halting="1" meanSpeed="8.59" meanSpeedRelative="0.62" duration="1511461053413"/>
    <step time="96.00" loaded="133" inserted="66" running="29" waiting="1" ended="37" meanWaitingTime="0.77" meanTravelTime="34.59" halting="2" meanSpeed="8.59" meanSpeedRelative="0.62" duration="1511461053614"/>
    <step time="97.00" loaded="133" inserted="67" running="30" waiting="1" ended="37" meanWaitingTime="0.76" meanTravelTime="34.59" halting="2" meanSpeed="8.64" meanSpeedRelative="0.62" duration="1511461053815"/>
    <step time="98.00" loaded="133" inserted="68" running="31" waiting="1" ended="37" meanWaitingTime="0.75" meanTravelTime="34.59" halting="2" meanSpeed="8.68" meanSpeedRelative="0.62" duration="1511461054015"/>
    <step time="99.00" loaded="133" inserted="69" running="30" waiting="0" ended="39" meanWaitingTime="0.80" meanTravelTime="35.08" halting="1" meanSpeed="8.95" meanSpeedRelative="0.64" duration="1511461054216"/>
    <step time="100.00" loaded="133" inserted="69" running="29" waiting="0" ended="40" meanWaitingTime="0.80" meanTravelTime="34.67" halting="1" meanSpeed="9.62" meanSpeedRelative="0.69" duration="1511461054417"/>
    <step time="101.00" loaded="133" inserted="70" running="29" waiting="0" ended="41" meanWaitingTime="0.79" meanTravelTime="34.98" halting="2" meanSpeed="9.94" meanSpeedRelative="0.72" duration="1511461054617"/>
    <step time="102.00" loaded="133" inserted="70" running="29" waiting="1" ended="41" meanWaitingTime="0.79" meanTravelTime="34.98" halting="0" meanSpeed="10.57" meanSpeedRelative="0.76" duration="1511461054818"/>
    <step time="103.00" loaded="133" inserted="72" running="31" waiting="0" ended="41" meanWaitingTime="0.78" meanTravelTime="34.98" halting="2" meanSpeed="10.41" meanSpeedRelative="0.75" duration="1511461055019"/>
    <step time="104.00" loaded="133" inserted="72" running="31" waiting="0" ended="41" meanWaitingTime="0.78" meanTravelTime="34.98" halting="0" meanSpeed="10.86" meanSpeedRelative="0.78" duration="1511461055219"/>
    <step time="105.00" loaded="133" inserted="72" running="31" waiting="2" ended="41" meanWaitingTime="0.78" meanTravelTime="34.98" halting="0" meanSpeed="11.02" meanSpeedRelative="0.79" duration="1511461055420"/>
    <step time="106.00" loaded="133" inserted="73" running="31" waiting="1" ended="42" meanWaitingTime="0.78" meanTravelTime="35.26" halting="1" meanSpeed="11.25" meanSpeedRelative="0.81" duration="1511461055621"/>
    <step time="107.00" loaded="133" inserted="73" running="30" waiting="1" ended="43" meanWaitingTime="0.78" meanTravelTime="35.53" halting="0" meanSpeed="12.00" meanSpeedRelative="0.86" duration="1511461055821"/>
    <step time="108.00" loaded="133" inserted="74" running="31" waiting="1" ended="43" meanWaitingTime="0.81" meanTravelTime="35.53" halting="1" meanSpeed="11.97" meanSpeedRelative="0.86" duration="1511461056022"/>
    <step time="109.00" loaded="133" inserted="74" running="31" waiting="1" ended="43" meanWaitingTime="0.81" meanTravelTime="35.53" halting="0" meanSpeed="12.28" meanSpeedRelative="0.88" duration="1511461056222"/>
    <step time="110.00" loaded="133" inserted="75" running="31" waiting="1" ended="44" meanWaitingTime="0.83" meanTravelTime="35.59" halting="1" meanSpeed="12.16" meanSpeedRelative="0.88" duration="1511461056423"/>
    <step time="111.00" loaded="133" inserted="76" running="31" waiting="1" ended="45" meanWaitingTime="0.82" meanTravelTime="35.73" halting="1" meanSpeed="11.95" meanSpeedRelative="0.86" duration="1511461056624"/>
    <step time="112.00" loaded="133" inserted="76" running="31" waiting="1" ended="45" meanWaitingTime="0.82" meanTravelTime="35.73" halting="0" meanSpeed="12.25" meanSpeedRelative="0.88" duration="1511461056825"/>
    <step time="113.00" loaded="133" inserted="76" running="30" waiting="1" ended="46" meanWaitingTime="0.82" meanTravelTime="35.72" halting="0" meanSpeed="12.49" meanSpeedRelative="0.90" duration="1511461057025"/>
    <step time="114.00" loaded="133" inserted="76" running="29" waiting="3" ended="47" meanWaitingTime="0.82" meanTravelTime="36.02" halting="0" meanSpeed="12.49" meanSpeedRelative="0.90" duration="1511461057226"/>
    <step time="115.00" loaded="133" inserted="77" running="27" waiting="2" ended="50" meanWaitingTime="0.82" meanTravelTime="35.92" halting="1" meanSpeed="11.84" meanSpeedRelative="0.85" duration="1511461057427"/>
    <step time="116.00" loaded="133" inserted="77" running="26" waiting="2" ended="51" meanWaitingTime="0.82" meanTravelTime="36.33" halting="0" meanSpeed="11.94" meanSpeedRelative="0.86" duration="1511461057627"/>
    <step time="117.00" loaded="133" inserted="79" running="27" waiting="1" ended="52" meanWaitingTime="0.89" meanTravelTime="36.13" halting="3" meanSpeed="10.72" meanSpeedRelative="0.77" duration="1511461057828"/>
    <step time="118.00" loaded="133" inserted="79" running="27" waiting="1" ended="52" meanWaitingTime="0.89" meanTravelTime="36.13" halting="1" meanSpeed="11.01" meanSpeedRelative="0.79" duration="1511461058029"/>
    <step time="119.00" loaded="133" inserted="80" running="25" waiting="1" ended="55" meanWaitingTime="0.88" meanTravelTime="36.31" halting="2" meanSpeed="10.77" meanSpeedRelative="0.78" duration="1511461058229"/>
    <step time="120.00" loaded="133" inserted="81" running="24" waiting="0" ended="57" meanWaitingTime="0.94" meanTravelTime="36.37" halting="1" meanSpeed="10.73" meanSpeedRelative="0.77" duration="1511461058430"/>
    <step time="121.00" loaded="133" inserted="81" running="23" waiting="1" ended="58" meanWaitingTime="0.94" meanTravelTime="36.71" halting="0" meanSpeed="11.20" meanSpeedRelative="0.81" duration="1511461058631"/>
    <step time="122.00" loaded="133" inserted="82" running="21" waiting="0" ended="61" meanWaitingTime="0.94" meanTravelTime="36.84" halting="1" meanSpeed="10.50" meanSpeedRelative="0.76" duration="1511461058832"/>
    <step time="123.00" loaded="133" inserted="82" running="21" waiting="0" ended="61" meanWaitingTime="0.94" meanTravelTime="36.84" halting="0" meanSpeed="11.00" meanSpeedRelative="0.79" duration="1511461059032"/>
</summary>
