<?xml version="1.0" encoding="UTF-8"?>

<!-- generated on Tue 17 Jan 2017 09:31:31 PM BRST by SUMO gui Version svn
<?xml version="1.0" encoding="UTF-8"?>

<configuration xmlns:xsi="http://www.w3.org/2001/XMLSchema-instance" xsi:noNamespaceSchemaLocation="http://sumo.dlr.de/xsd/sumo-gui.exeConfiguration.xsd">

    <input>
        <net-file value="sumo/twinT.net.xml"/>
        <route-files value="sumo/twinT.rou.xml"/>
        <additional-files value="sumo/e1.add.xml"/>
    </input>

    <traci_server>
        <remote-port value="8000"/>
    </traci_server>

    <gui_only>
        <start value="true"/>
    </gui_only>

</configuration>
-->

<detector xmlns:xsi="http://www.w3.org/2001/XMLSchema-instance" xsi:noNamespaceSchemaLocation="http://sumo.dlr.de/xsd/det_e1_file.xsd">
    <interval begin="0.00" end="30.00" id="e1det_0:1_0" nVehContrib="0" flow="0.00" occupancy="0.00" speed="-1.00" length="-1.00" nVehEntered="0"/>
    <interval begin="0.00" end="30.00" id="e1det_0:1_1" nVehContrib="0" flow="0.00" occupancy="0.00" speed="-1.00" length="-1.00" nVehEntered="0"/>
    <interval begin="0.00" end="30.00" id="e1det_3:1_0" nVehContrib="4" flow="480.00" occupancy="5.12" speed="13.03" length="5.00" nVehEntered="4"/>
    <interval begin="0.00" end="30.00" id="e1det_3:1_1" nVehContrib="1" flow="120.00" occupancy="1.23" speed="13.50" length="5.00" nVehEntered="1"/>
    <interval begin="0.00" end="30.00" id="e1det_5:1_0" nVehContrib="0" flow="0.00" occupancy="36.56" speed="-1.00" length="-1.00" nVehEntered="1"/>
    <interval begin="0.00" end="30.00" id="e1det_1:0_0" nVehContrib="3" flow="360.00" occupancy="3.87" speed="12.94" length="5.00" nVehEntered="3"/>
    <interval begin="0.00" end="30.00" id="e1det_1:0_1" nVehContrib="1" flow="120.00" occupancy="1.30" speed="12.78" length="5.00" nVehEntered="1"/>
    <interval begin="0.00" end="30.00" id="e1det_2:0_0" nVehContrib="1" flow="120.00" occupancy="1.23" speed="13.56" length="5.00" nVehEntered="1"/>
    <interval begin="0.00" end="30.00" id="e1det_2:0_1" nVehContrib="1" flow="120.00" occupancy="1.21" speed="13.73" length="5.00" nVehEntered="1"/>
    <interval begin="0.00" end="30.00" id="e1det_9:0_0" nVehContrib="0" flow="0.00" occupancy="47.20" speed="-1.00" length="-1.00" nVehEntered="1"/>
    <interval begin="30.00" end="60.00" id="e1det_0:1_0" nVehContrib="3" flow="360.00" occupancy="3.82" speed="13.09" length="5.00" nVehEntered="3"/>
    <interval begin="30.00" end="60.00" id="e1det_0:1_1" nVehContrib="1" flow="120.00" occupancy="1.28" speed="12.99" length="5.00" nVehEntered="1"/>
    <interval begin="30.00" end="60.00" id="e1det_3:1_0" nVehContrib="5" flow="600.00" occupancy="7.45" speed="13.18" length="5.00" nVehEntered="6"/>
    <interval begin="30.00" end="60.00" id="e1det_3:1_1" nVehContrib="0" flow="0.00" occupancy="0.00" speed="-1.00" length="-1.00" nVehEntered="0"/>
    <interval begin="30.00" end="60.00" id="e1det_5:1_0" nVehContrib="1" flow="120.00" occupancy="94.14" speed="0.24" length="5.00" nVehEntered="1"/>
    <interval begin="30.00" end="60.00" id="e1det_1:0_0" nVehContrib="3" flow="360.00" occupancy="3.88" speed="12.89" length="5.00" nVehEntered="5"/>
    <interval begin="30.00" end="60.00" id="e1det_1:0_1" nVehContrib="3" flow="360.00" occupancy="9.85" speed="7.01" length="5.00" nVehEntered="3"/>
    <interval begin="30.00" end="60.00" id="e1det_2:0_0" nVehContrib="2" flow="240.00" occupancy="2.59" speed="12.86" length="5.00" nVehEntered="2"/>
    <interval begin="30.00" end="60.00" id="e1det_2:0_1" nVehContrib="1" flow="120.00" occupancy="1.29" speed="12.92" length="5.00" nVehEntered="1"/>
    <interval begin="30.00" end="60.00" id="e1det_9:0_0" nVehContrib="1" flow="120.00" occupancy="93.68" speed="0.23" length="5.00" nVehEntered="1"/>
    <interval begin="60.00" end="90.00" id="e1det_0:1_0" nVehContrib="1" flow="120.00" occupancy="100.00" speed="5000.00" length="5.00" nVehEntered="1"/>
    <interval begin="60.00" end="90.00" id="e1det_0:1_1" nVehContrib="0" flow="0.00" occupancy="68.07" speed="-1.00" length="-1.00" nVehEntered="1"/>
    <interval begin="60.00" end="90.00" id="e1det_3:1_0" nVehContrib="1" flow="120.00" occupancy="92.00" speed="12.75" length="5.00" nVehEntered="1"/>
    <interval begin="60.00" end="90.00" id="e1det_3:1_1" nVehContrib="1" flow="120.00" occupancy="100.00" speed="5000.00" length="5.00" nVehEntered="1"/>
    <interval begin="60.00" end="90.00" id="e1det_5:1_0" nVehContrib="4" flow="480.00" occupancy="26.15" speed="5.46" length="5.00" nVehEntered="4"/>
    <interval begin="60.00" end="90.00" id="e1det_1:0_0" nVehContrib="3" flow="360.00" occupancy="4.24" speed="12.14" length="5.00" nVehEntered="3"/>
    <interval begin="60.00" end="90.00" id="e1det_1:0_1" nVehContrib="0" flow="0.00" occupancy="0.00" speed="-1.00" length="-1.00" nVehEntered="0"/>
    <interval begin="60.00" end="90.00" id="e1det_2:0_0" nVehContrib="4" flow="480.00" occupancy="5.58" speed="12.21" length="5.00" nVehEntered="5"/>
    <interval begin="60.00" end="90.00" id="e1det_2:0_1" nVehContrib="1" flow="120.00" occupancy="1.25" speed="13.28" length="5.00" nVehEntered="1"/>
    <interval begin="60.00" end="90.00" id="e1det_9:0_0" nVehContrib="2" flow="240.00" occupancy="89.32" speed="0.21" length="5.00" nVehEntered="1"/>
    <interval begin="90.00" end="120.00" id="e1det_0:1_0" nVehContrib="0" flow="0.00" occupancy="0.00" speed="-1.00" length="-1.00" nVehEntered="0"/>
    <interval begin="90.00" end="120.00" id="e1det_0:1_1" nVehContrib="0" flow="0.00" occupancy="100.00" speed="-1.00" length="-1.00" nVehEntered="0"/>
    <interval begin="90.00" end="120.00" id="e1det_3:1_0" nVehContrib="0" flow="0.00" occupancy="100.00" speed="-1.00" length="-1.00" nVehEntered="0"/>
    <interval begin="90.00" end="120.00" id="e1det_3:1_1" nVehContrib="0" flow="0.00" occupancy="0.00" speed="-1.00" length="-1.00" nVehEntered="0"/>
    <interval begin="90.00" end="120.00" id="e1det_5:1_0" nVehContrib="1" flow="120.00" occupancy="3.98" speed="3.18" length="5.00" nVehEntered="1"/>
    <interval begin="90.00" end="120.00" id="e1det_1:0_0" nVehContrib="4" flow="480.00" occupancy="11.12" speed="10.23" length="5.00" nVehEntered="4"/>
    <interval begin="90.00" end="120.00" id="e1det_1:0_1" nVehContrib="1" flow="120.00" occupancy="1.88" speed="8.86" length="5.00" nVehEntered="1"/>
    <interval begin="90.00" end="120.00" id="e1det_2:0_0" nVehContrib="3" flow="360.00" occupancy="109.85" speed="5.00" length="5.00" nVehEntered="3"/>
    <interval begin="90.00" end="120.00" id="e1det_2:0_1" nVehContrib="3" flow="360.00" occupancy="4.45" speed="11.71" length="5.00" nVehEntered="3"/>
    <interval begin="90.00" end="120.00" id="e1det_9:0_0" nVehContrib="2" flow="240.00" occupancy="81.92" speed="2.43" length="5.00" nVehEntered="3"/>
    <interval begin="120.00" end="150.00" id="e1det_0:1_0" nVehContrib="7" flow="840.00" occupancy="13.45" speed="9.74" length="5.00" nVehEntered="7"/>
    <interval begin="120.00" end="150.00" id="e1det_0:1_1" nVehContrib="7" flow="840.00" occupancy="18.05" speed="5.25" length="5.00" nVehEntered="6"/>
    <interval begin="120.00" end="150.00" id="e1det_3:1_0" nVehContrib="8" flow="960.00" occupancy="38.84" speed="3.29" length="5.00" nVehEntered="7"/>
    <interval begin="120.00" end="150.00" id="e1det_3:1_1" nVehContrib="9" flow="1080.00" occupancy="38.13" speed="4.87" length="5.00" nVehEntered="9"/>
    <interval begin="120.00" end="150.00" id="e1det_5:1_0" nVehContrib="0" flow="0.00" occupancy="49.79" speed="-1.00" length="-1.00" nVehEntered="1"/>
    <interval begin="120.00" end="150.00" id="e1det_1:0_0" nVehContrib="3" flow="360.00" occupancy="4.20" speed="12.02" length="5.00" nVehEntered="3"/>
    <interval begin="120.00" end="150.00" id="e1det_1:0_1" nVehContrib="5" flow="600.00" occupancy="7.64" speed="11.38" length="5.00" nVehEntered="5"/>
    <interval begin="120.00" end="150.00" id="e1det_2:0_0" nVehContrib="3" flow="360.00" occupancy="3.84" speed="13.01" length="5.00" nVehEntered="3"/>
    <interval begin="120.00" end="150.00" id="e1det_2:0_1" nVehContrib="2" flow="240.00" occupancy="3.39" speed="9.93" length="5.00" nVehEntered="2"/>
    <interval begin="120.00" end="150.00" id="e1det_9:0_0" nVehContrib="1" flow="120.00" occupancy="93.58" speed="0.21" length="5.00" nVehEntered="1"/>
    <interval begin="150.00" end="180.00" id="e1det_0:1_0" nVehContrib="4" flow="480.00" occupancy="5.27" speed="12.70" length="5.00" nVehEntered="4"/>
    <interval begin="150.00" end="180.00" id="e1det_0:1_1" nVehContrib="2" flow="240.00" occupancy="2.54" speed="13.11" length="5.00" nVehEntered="2"/>
    <interval begin="150.00" end="180.00" id="e1det_3:1_0" nVehContrib="6" flow="720.00" occupancy="8.77" speed="12.14" length="5.00" nVehEntered="6"/>
    <interval begin="150.00" end="180.00" id="e1det_3:1_1" nVehContrib="2" flow="240.00" occupancy="2.50" speed="13.36" length="5.00" nVehEntered="2"/>
    <interval begin="150.00" end="180.00" id="e1det_5:1_0" nVehContrib="2" flow="240.00" occupancy="86.10" speed="0.27" length="5.00" nVehEntered="2"/>
    <interval begin="150.00" end="180.00" id="e1det_1:0_0" nVehContrib="6" flow="720.00" occupancy="8.35" speed="12.18" length="5.00" nVehEntered="6"/>
    <interval begin="150.00" end="180.00" id="e1det_1:0_1" nVehContrib="3" flow="360.00" occupancy="3.91" speed="12.80" length="5.00" nVehEntered="3"/>
    <interval begin="150.00" end="180.00" id="e1det_2:0_0" nVehContrib="3" flow="360.00" occupancy="3.84" speed="13.03" length="5.00" nVehEntered="3"/>
    <interval begin="150.00" end="180.00" id="e1det_2:0_1" nVehContrib="3" flow="360.00" occupancy="5.18" speed="10.46" length="5.00" nVehEntered="3"/>
    <interval begin="150.00" end="180.00" id="e1det_9:0_0" nVehContrib="1" flow="120.00" occupancy="93.73" speed="0.25" length="5.00" nVehEntered="1"/>
    <interval begin="180.00" end="210.00" id="e1det_0:1_0" nVehContrib="4" flow="480.00" occupancy="114.05" speed="7.11" length="5.00" nVehEntered="5"/>
    <interval begin="180.00" end="210.00" id="e1det_0:1_1" nVehContrib="3" flow="360.00" occupancy="3.80" speed="13.18" length="5.00" nVehEntered="3"/>
    <interval begin="180.00" end="210.00" id="e1det_3:1_0" nVehContrib="4" flow="480.00" occupancy="5.05" speed="13.20" length="5.00" nVehEntered="4"/>
    <interval begin="180.00" end="210.00" id="e1det_3:1_1" nVehContrib="0" flow="0.00" occupancy="0.00" speed="-1.00" length="-1.00" nVehEntered="0"/>
    <interval begin="180.00" end="210.00" id="e1det_5:1_0" nVehContrib="1" flow="120.00" occupancy="92.47" speed="0.23" length="5.00" nVehEntered="1"/>
    <interval begin="180.00" end="210.00" id="e1det_1:0_0" nVehContrib="5" flow="600.00" occupancy="19.55" speed="7.93" length="5.00" nVehEntered="5"/>
    <interval begin="180.00" end="210.00" id="e1det_1:0_1" nVehContrib="3" flow="360.00" occupancy="103.70" speed="6.77" length="5.00" nVehEntered="3"/>
    <interval begin="180.00" end="210.00" id="e1det_2:0_0" nVehContrib="2" flow="240.00" occupancy="2.53" speed="13.21" length="5.00" nVehEntered="2"/>
    <interval begin="180.00" end="210.00" id="e1det_2:0_1" nVehContrib="5" flow="600.00" occupancy="27.18" speed="4.72" length="5.00" nVehEntered="5"/>
    <interval begin="180.00" end="210.00" id="e1det_9:0_0" nVehContrib="2" flow="240.00" occupancy="87.53" speed="2.65" length="5.00" nVehEntered="2"/>
    <interval begin="210.00" end="229.00" id="e1det_0:1_0" nVehContrib="2" flow="378.95" occupancy="16.43" speed="7.66" length="5.00" nVehEntered="3"/>
    <interval begin="210.00" end="229.00" id="e1det_0:1_1" nVehContrib="1" flow="189.47" occupancy="6.15" speed="4.28" length="5.00" nVehEntered="1"/>
    <interval begin="210.00" end="229.00" id="e1det_3:1_0" nVehContrib="1" flow="189.47" occupancy="11.33" speed="2.32" length="5.00" nVehEntered="1"/>
    <interval begin="210.00" end="229.00" id="e1det_3:1_1" nVehContrib="1" flow="189.47" occupancy="2.09" speed="12.57" length="5.00" nVehEntered="1"/>
    <interval begin="210.00" end="229.00" id="e1det_5:1_0" nVehContrib="2" flow="378.95" occupancy="78.56" speed="2.48" length="5.00" nVehEntered="2"/>
    <interval begin="210.00" end="229.00" id="e1det_1:0_0" nVehContrib="2" flow="378.95" occupancy="4.00" speed="13.15" length="5.00" nVehEntered="2"/>
    <interval begin="210.00" end="229.00" id="e1det_1:0_1" nVehContrib="0" flow="0.00" occupancy="0.00" speed="-1.00" length="-1.00" nVehEntered="0"/>
    <interval begin="210.00" end="229.00" id="e1det_2:0_0" nVehContrib="2" flow="378.95" occupancy="4.00" speed="13.18" length="5.00" nVehEntered="2"/>
    <interval begin="210.00" end="229.00" id="e1det_2:0_1" nVehContrib="0" flow="0.00" occupancy="0.00" speed="-1.00" length="-1.00" nVehEntered="0"/>
    <interval begin="210.00" end="229.00" id="e1det_9:0_0" nVehContrib="1" flow="189.47" occupancy="89.49" speed="0.23" length="5.00" nVehEntered="1"/>
</detector>
