<?xml version="1.0" encoding="UTF-8"?>

<!-- generated on sex 24 nov 2017 11:04:14 -02 by SUMO gui Version 0.31.0
<?xml version="1.0" encoding="UTF-8"?>

<configuration xmlns:xsi="http://www.w3.org/2001/XMLSchema-instance" xsi:noNamespaceSchemaLocation="http://sumo.dlr.de/xsd/sumoConfiguration.xsd">

    <input>
        <net-file value="sumo/simpleT/simpleT.net.xml"/>
        <route-files value="sumo/simpleT/simpleT.rou.xml"/>
        <additional-files value="sumo/simpleT/simpleT.add.xml"/>
    </input>

    <output>
        <summary-output value="sumo/simpleT/simpleT.out.xml"/>
    </output>

    <report>
        <verbose value="true"/>
        <duration-log.statistics value="true"/>
        <no-step-log value="true"/>
    </report>

    <traci_server>
        <remote-port value="5807"/>
    </traci_server>

    <gui_only>
        <gui-settings-file value="sumo/simpleT/simpleT.gui.xml"/>
        <game value="true"/>
        <start value="true"/>
    </gui_only>

</configuration>
-->

<detector xmlns:xsi="http://www.w3.org/2001/XMLSchema-instance" xsi:noNamespaceSchemaLocation="http://sumo.dlr.de/xsd/det_e1_file.xsd">
    <interval begin="0.00" end="30.00" id="e1det_0:1_0" nVehContrib="1" flow="120.00" occupancy="1.31" speed="12.70" length="5.00" nVehEntered="1"/>
    <interval begin="0.00" end="30.00" id="e1det_0:1_1" nVehContrib="2" flow="240.00" occupancy="4.12" speed="9.49" length="5.00" nVehEntered="2"/>
    <interval begin="0.00" end="30.00" id="e1det_3:1_0" nVehContrib="2" flow="240.00" occupancy="4.51" speed="9.84" length="5.00" nVehEntered="3"/>
    <interval begin="0.00" end="30.00" id="e1det_3:1_1" nVehContrib="1" flow="120.00" occupancy="1.77" speed="9.42" length="5.00" nVehEntered="1"/>
    <interval begin="0.00" end="30.00" id="e1det_5:1_0" nVehContrib="1" flow="120.00" occupancy="1.23" speed="13.52" length="5.00" nVehEntered="1"/>
    <interval begin="30.00" end="60.00" id="e1det_0:1_0" nVehContrib="3" flow="360.00" occupancy="21.64" speed="7.73" length="5.00" nVehEntered="4"/>
    <interval begin="30.00" end="60.00" id="e1det_0:1_1" nVehContrib="5" flow="600.00" occupancy="9.96" speed="8.48" length="5.00" nVehEntered="5"/>
    <interval begin="30.00" end="60.00" id="e1det_3:1_0" nVehContrib="7" flow="840.00" occupancy="33.50" speed="5.77" length="5.00" nVehEntered="6"/>
    <interval begin="30.00" end="60.00" id="e1det_3:1_1" nVehContrib="4" flow="480.00" occupancy="23.91" speed="7.43" length="5.00" nVehEntered="4"/>
    <interval begin="30.00" end="60.00" id="e1det_5:1_0" nVehContrib="4" flow="480.00" occupancy="10.85" speed="6.41" length="5.00" nVehEntered="4"/>
    <interval begin="60.00" end="90.00" id="e1det_0:1_0" nVehContrib="5" flow="600.00" occupancy="29.13" speed="4.75" length="5.00" nVehEntered="4"/>
    <interval begin="60.00" end="90.00" id="e1det_0:1_1" nVehContrib="5" flow="600.00" occupancy="22.53" speed="5.26" length="5.00" nVehEntered="5"/>
    <interval begin="60.00" end="90.00" id="e1det_3:1_0" nVehContrib="4" flow="480.00" occupancy="37.63" speed="3.72" length="5.00" nVehEntered="5"/>
    <interval begin="60.00" end="90.00" id="e1det_3:1_1" nVehContrib="4" flow="480.00" occupancy="9.34" speed="8.05" length="5.00" nVehEntered="4"/>
    <interval begin="60.00" end="90.00" id="e1det_5:1_0" nVehContrib="1" flow="120.00" occupancy="2.65" speed="6.28" length="5.00" nVehEntered="1"/>
    <interval begin="90.00" end="120.00" id="e1det_0:1_0" nVehContrib="3" flow="360.00" occupancy="6.18" speed="9.02" length="5.00" nVehEntered="3"/>
    <interval begin="90.00" end="120.00" id="e1det_0:1_1" nVehContrib="2" flow="240.00" occupancy="12.04" speed="8.67" length="5.00" nVehEntered="3"/>
    <interval begin="90.00" end="120.00" id="e1det_3:1_0" nVehContrib="5" flow="600.00" occupancy="10.24" speed="9.59" length="5.00" nVehEntered="6"/>
    <interval begin="90.00" end="120.00" id="e1det_3:1_1" nVehContrib="1" flow="120.00" occupancy="1.23" speed="13.50" length="5.00" nVehEntered="1"/>
    <interval begin="90.00" end="120.00" id="e1det_5:1_0" nVehContrib="5" flow="600.00" occupancy="50.48" speed="1.94" length="5.00" nVehEntered="5"/>
    <interval begin="120.00" end="150.00" id="e1det_0:1_0" nVehContrib="6" flow="720.00" occupancy="13.37" speed="10.30" length="5.00" nVehEntered="6"/>
    <interval begin="120.00" end="150.00" id="e1det_0:1_1" nVehContrib="5" flow="600.00" occupancy="28.43" speed="3.45" length="5.00" nVehEntered="4"/>
    <interval begin="120.00" end="150.00" id="e1det_3:1_0" nVehContrib="5" flow="600.00" occupancy="8.52" speed="9.72" length="5.00" nVehEntered="4"/>
    <interval begin="120.00" end="150.00" id="e1det_3:1_1" nVehContrib="1" flow="120.00" occupancy="2.25" speed="7.42" length="5.00" nVehEntered="1"/>
    <interval begin="120.00" end="150.00" id="e1det_5:1_0" nVehContrib="2" flow="240.00" occupancy="11.79" speed="4.67" length="5.00" nVehEntered="2"/>
    <interval begin="150.00" end="180.00" id="e1det_0:1_0" nVehContrib="3" flow="360.00" occupancy="3.84" speed="13.03" length="5.00" nVehEntered="4"/>
    <interval begin="150.00" end="180.00" id="e1det_0:1_1" nVehContrib="3" flow="360.00" occupancy="10.31" speed="7.16" length="5.00" nVehEntered="3"/>
    <interval begin="150.00" end="180.00" id="e1det_3:1_0" nVehContrib="4" flow="480.00" occupancy="11.32" speed="7.44" length="5.00" nVehEntered="4"/>
    <interval begin="150.00" end="180.00" id="e1det_3:1_1" nVehContrib="4" flow="480.00" occupancy="7.24" speed="10.12" length="5.00" nVehEntered="4"/>
    <interval begin="150.00" end="180.00" id="e1det_5:1_0" nVehContrib="2" flow="240.00" occupancy="4.12" speed="8.22" length="5.00" nVehEntered="2"/>
    <interval begin="180.00" end="210.00" id="e1det_0:1_0" nVehContrib="5" flow="600.00" occupancy="7.22" speed="11.85" length="5.00" nVehEntered="5"/>
    <interval begin="180.00" end="210.00" id="e1det_0:1_1" nVehContrib="1" flow="120.00" occupancy="2.70" speed="6.18" length="5.00" nVehEntered="1"/>
    <interval begin="180.00" end="210.00" id="e1det_3:1_0" nVehContrib="4" flow="480.00" occupancy="11.95" speed="7.24" length="5.00" nVehEntered="4"/>
    <interval begin="180.00" end="210.00" id="e1det_3:1_1" nVehContrib="2" flow="240.00" occupancy="2.81" speed="12.02" length="5.00" nVehEntered="2"/>
    <interval begin="180.00" end="210.00" id="e1det_5:1_0" nVehContrib="3" flow="360.00" occupancy="8.29" speed="6.21" length="5.00" nVehEntered="4"/>
    <interval begin="210.00" end="240.00" id="e1det_0:1_0" nVehContrib="4" flow="480.00" occupancy="21.46" speed="8.04" length="5.00" nVehEntered="4"/>
    <interval begin="210.00" end="240.00" id="e1det_0:1_1" nVehContrib="4" flow="480.00" occupancy="36.15" speed="3.57" length="5.00" nVehEntered="4"/>
    <interval begin="210.00" end="240.00" id="e1det_3:1_0" nVehContrib="5" flow="600.00" occupancy="10.83" speed="7.79" length="5.00" nVehEntered="5"/>
    <interval begin="210.00" end="240.00" id="e1det_3:1_1" nVehContrib="2" flow="240.00" occupancy="5.28" speed="6.34" length="5.00" nVehEntered="2"/>
    <interval begin="210.00" end="240.00" id="e1det_5:1_0" nVehContrib="4" flow="480.00" occupancy="15.34" speed="7.30" length="5.00" nVehEntered="3"/>
    <interval begin="240.00" end="270.00" id="e1det_0:1_0" nVehContrib="4" flow="480.00" occupancy="4.97" speed="13.43" length="5.00" nVehEntered="4"/>
    <interval begin="240.00" end="270.00" id="e1det_0:1_1" nVehContrib="3" flow="360.00" occupancy="4.71" speed="11.46" length="5.00" nVehEntered="3"/>
    <interval begin="240.00" end="270.00" id="e1det_3:1_0" nVehContrib="4" flow="480.00" occupancy="19.11" speed="6.52" length="5.00" nVehEntered="5"/>
    <interval begin="240.00" end="270.00" id="e1det_3:1_1" nVehContrib="1" flow="120.00" occupancy="1.95" speed="8.54" length="5.00" nVehEntered="1"/>
    <interval begin="240.00" end="270.00" id="e1det_5:1_0" nVehContrib="4" flow="480.00" occupancy="53.24" speed="2.58" length="5.00" nVehEntered="5"/>
    <interval begin="270.00" end="300.00" id="e1det_0:1_0" nVehContrib="5" flow="600.00" occupancy="7.73" speed="11.54" length="5.00" nVehEntered="5"/>
    <interval begin="270.00" end="300.00" id="e1det_0:1_1" nVehContrib="1" flow="120.00" occupancy="4.52" speed="3.68" length="5.00" nVehEntered="1"/>
    <interval begin="270.00" end="300.00" id="e1det_3:1_0" nVehContrib="8" flow="960.00" occupancy="11.41" speed="11.60" length="5.00" nVehEntered="7"/>
    <interval begin="270.00" end="300.00" id="e1det_3:1_1" nVehContrib="3" flow="360.00" occupancy="3.67" speed="13.63" length="5.00" nVehEntered="3"/>
    <interval begin="270.00" end="300.00" id="e1det_5:1_0" nVehContrib="5" flow="600.00" occupancy="57.26" speed="1.48" length="5.00" nVehEntered="4"/>
    <interval begin="300.00" end="330.00" id="e1det_0:1_0" nVehContrib="4" flow="480.00" occupancy="27.29" speed="7.23" length="5.00" nVehEntered="5"/>
    <interval begin="300.00" end="330.00" id="e1det_0:1_1" nVehContrib="5" flow="600.00" occupancy="28.15" speed="5.63" length="5.00" nVehEntered="5"/>
    <interval begin="300.00" end="330.00" id="e1det_3:1_0" nVehContrib="2" flow="240.00" occupancy="3.79" speed="10.07" length="5.00" nVehEntered="2"/>
    <interval begin="300.00" end="330.00" id="e1det_3:1_1" nVehContrib="0" flow="0.00" occupancy="0.00" speed="-1.00" length="-1.00" nVehEntered="0"/>
    <interval begin="300.00" end="330.00" id="e1det_5:1_0" nVehContrib="4" flow="480.00" occupancy="60.46" speed="1.93" length="5.00" nVehEntered="5"/>
    <interval begin="330.00" end="360.00" id="e1det_0:1_0" nVehContrib="3" flow="360.00" occupancy="59.13" speed="4.86" length="5.00" nVehEntered="3"/>
    <interval begin="330.00" end="360.00" id="e1det_0:1_1" nVehContrib="3" flow="360.00" occupancy="36.99" speed="4.37" length="5.00" nVehEntered="3"/>
    <interval begin="330.00" end="360.00" id="e1det_3:1_0" nVehContrib="7" flow="840.00" occupancy="12.85" speed="10.51" length="5.00" nVehEntered="7"/>
    <interval begin="330.00" end="360.00" id="e1det_3:1_1" nVehContrib="2" flow="240.00" occupancy="3.43" speed="10.65" length="5.00" nVehEntered="2"/>
    <interval begin="330.00" end="360.00" id="e1det_5:1_0" nVehContrib="7" flow="840.00" occupancy="35.67" speed="4.33" length="5.00" nVehEntered="6"/>
    <interval begin="360.00" end="390.00" id="e1det_0:1_0" nVehContrib="3" flow="360.00" occupancy="21.08" speed="5.43" length="5.00" nVehEntered="2"/>
    <interval begin="360.00" end="390.00" id="e1det_0:1_1" nVehContrib="3" flow="360.00" occupancy="4.92" speed="10.46" length="5.00" nVehEntered="3"/>
    <interval begin="360.00" end="390.00" id="e1det_3:1_0" nVehContrib="7" flow="840.00" occupancy="12.02" speed="11.34" length="5.00" nVehEntered="7"/>
    <interval begin="360.00" end="390.00" id="e1det_3:1_1" nVehContrib="2" flow="240.00" occupancy="4.66" speed="7.23" length="5.00" nVehEntered="2"/>
    <interval begin="360.00" end="390.00" id="e1det_5:1_0" nVehContrib="5" flow="600.00" occupancy="11.36" speed="8.03" length="5.00" nVehEntered="5"/>
    <interval begin="390.00" end="420.00" id="e1det_0:1_0" nVehContrib="3" flow="360.00" occupancy="8.24" speed="8.86" length="5.00" nVehEntered="4"/>
    <interval begin="390.00" end="420.00" id="e1det_0:1_1" nVehContrib="3" flow="360.00" occupancy="6.03" speed="9.04" length="5.00" nVehEntered="3"/>
    <interval begin="390.00" end="420.00" id="e1det_3:1_0" nVehContrib="6" flow="720.00" occupancy="12.34" speed="8.76" length="5.00" nVehEntered="6"/>
    <interval begin="390.00" end="420.00" id="e1det_3:1_1" nVehContrib="2" flow="240.00" occupancy="3.61" speed="10.15" length="5.00" nVehEntered="2"/>
    <interval begin="390.00" end="420.00" id="e1det_5:1_0" nVehContrib="1" flow="120.00" occupancy="1.32" speed="12.65" length="5.00" nVehEntered="1"/>
    <interval begin="420.00" end="450.00" id="e1det_0:1_0" nVehContrib="5" flow="600.00" occupancy="10.09" speed="9.85" length="5.00" nVehEntered="4"/>
    <interval begin="420.00" end="450.00" id="e1det_0:1_1" nVehContrib="2" flow="240.00" occupancy="3.95" speed="8.72" length="5.00" nVehEntered="2"/>
    <interval begin="420.00" end="450.00" id="e1det_3:1_0" nVehContrib="3" flow="360.00" occupancy="6.02" speed="9.58" length="5.00" nVehEntered="4"/>
    <interval begin="420.00" end="450.00" id="e1det_3:1_1" nVehContrib="1" flow="120.00" occupancy="1.80" speed="9.25" length="5.00" nVehEntered="1"/>
    <interval begin="420.00" end="450.00" id="e1det_5:1_0" nVehContrib="6" flow="720.00" occupancy="28.22" speed="6.41" length="5.00" nVehEntered="6"/>
    <interval begin="450.00" end="480.00" id="e1det_0:1_0" nVehContrib="5" flow="600.00" occupancy="15.24" speed="9.83" length="5.00" nVehEntered="5"/>
    <interval begin="450.00" end="480.00" id="e1det_0:1_1" nVehContrib="4" flow="480.00" occupancy="10.46" speed="6.44" length="5.00" nVehEntered="4"/>
    <interval begin="450.00" end="480.00" id="e1det_3:1_0" nVehContrib="3" flow="360.00" occupancy="7.06" speed="8.99" length="5.00" nVehEntered="3"/>
    <interval begin="450.00" end="480.00" id="e1det_3:1_1" nVehContrib="1" flow="120.00" occupancy="1.64" speed="10.14" length="5.00" nVehEntered="1"/>
    <interval begin="450.00" end="480.00" id="e1det_5:1_0" nVehContrib="4" flow="480.00" occupancy="16.06" speed="5.07" length="5.00" nVehEntered="4"/>
    <interval begin="480.00" end="510.00" id="e1det_0:1_0" nVehContrib="3" flow="360.00" occupancy="7.80" speed="7.88" length="5.00" nVehEntered="3"/>
    <interval begin="480.00" end="510.00" id="e1det_0:1_1" nVehContrib="3" flow="360.00" occupancy="7.85" speed="8.05" length="5.00" nVehEntered="3"/>
    <interval begin="480.00" end="510.00" id="e1det_3:1_0" nVehContrib="6" flow="720.00" occupancy="10.08" speed="9.35" length="5.00" nVehEntered="5"/>
    <interval begin="480.00" end="510.00" id="e1det_3:1_1" nVehContrib="1" flow="120.00" occupancy="1.77" speed="9.40" length="5.00" nVehEntered="1"/>
    <interval begin="480.00" end="510.00" id="e1det_5:1_0" nVehContrib="5" flow="600.00" occupancy="46.68" speed="2.20" length="5.00" nVehEntered="5"/>
    <interval begin="510.00" end="540.00" id="e1det_0:1_0" nVehContrib="5" flow="600.00" occupancy="8.64" speed="10.78" length="5.00" nVehEntered="5"/>
    <interval begin="510.00" end="540.00" id="e1det_0:1_1" nVehContrib="2" flow="240.00" occupancy="3.87" speed="8.62" length="5.00" nVehEntered="2"/>
    <interval begin="510.00" end="540.00" id="e1det_3:1_0" nVehContrib="5" flow="600.00" occupancy="7.97" speed="11.68" length="5.00" nVehEntered="5"/>
    <interval begin="510.00" end="540.00" id="e1det_3:1_1" nVehContrib="2" flow="240.00" occupancy="2.84" speed="11.94" length="5.00" nVehEntered="2"/>
    <interval begin="510.00" end="540.00" id="e1det_5:1_0" nVehContrib="5" flow="600.00" occupancy="58.41" speed="1.68" length="5.00" nVehEntered="6"/>
    <interval begin="540.00" end="570.00" id="e1det_0:1_0" nVehContrib="4" flow="480.00" occupancy="6.03" speed="11.63" length="5.00" nVehEntered="4"/>
    <interval begin="540.00" end="570.00" id="e1det_0:1_1" nVehContrib="1" flow="120.00" occupancy="2.37" speed="7.04" length="5.00" nVehEntered="1"/>
    <interval begin="540.00" end="570.00" id="e1det_3:1_0" nVehContrib="6" flow="720.00" occupancy="10.36" speed="10.34" length="5.00" nVehEntered="6"/>
    <interval begin="540.00" end="570.00" id="e1det_3:1_1" nVehContrib="1" flow="120.00" occupancy="1.29" speed="12.94" length="5.00" nVehEntered="1"/>
    <interval begin="540.00" end="570.00" id="e1det_5:1_0" nVehContrib="4" flow="480.00" occupancy="30.25" speed="3.63" length="5.00" nVehEntered="4"/>
    <interval begin="570.00" end="600.00" id="e1det_0:1_0" nVehContrib="3" flow="360.00" occupancy="8.88" speed="7.95" length="5.00" nVehEntered="4"/>
    <interval begin="570.00" end="600.00" id="e1det_0:1_1" nVehContrib="3" flow="360.00" occupancy="9.52" speed="5.50" length="5.00" nVehEntered="3"/>
    <interval begin="570.00" end="600.00" id="e1det_3:1_0" nVehContrib="6" flow="720.00" occupancy="41.03" speed="4.87" length="5.00" nVehEntered="6"/>
    <interval begin="570.00" end="600.00" id="e1det_3:1_1" nVehContrib="4" flow="480.00" occupancy="22.81" speed="3.79" length="5.00" nVehEntered="4"/>
    <interval begin="570.00" end="600.00" id="e1det_5:1_0" nVehContrib="2" flow="240.00" occupancy="7.45" speed="7.61" length="5.00" nVehEntered="1"/>
    <interval begin="600.00" end="630.00" id="e1det_0:1_0" nVehContrib="6" flow="720.00" occupancy="13.07" speed="7.74" length="5.00" nVehEntered="5"/>
    <interval begin="600.00" end="630.00" id="e1det_0:1_1" nVehContrib="3" flow="360.00" occupancy="6.94" speed="7.41" length="5.00" nVehEntered="4"/>
    <interval begin="600.00" end="630.00" id="e1det_3:1_0" nVehContrib="5" flow="600.00" occupancy="18.46" speed="8.11" length="5.00" nVehEntered="6"/>
    <interval begin="600.00" end="630.00" id="e1det_3:1_1" nVehContrib="1" flow="120.00" occupancy="3.57" speed="4.67" length="5.00" nVehEntered="1"/>
    <interval begin="600.00" end="630.00" id="e1det_5:1_0" nVehContrib="4" flow="480.00" occupancy="9.43" speed="7.26" length="5.00" nVehEntered="4"/>
    <interval begin="630.00" end="660.00" id="e1det_0:1_0" nVehContrib="3" flow="360.00" occupancy="15.59" speed="5.92" length="5.00" nVehEntered="3"/>
    <interval begin="630.00" end="660.00" id="e1det_0:1_1" nVehContrib="5" flow="600.00" occupancy="10.98" speed="9.04" length="5.00" nVehEntered="5"/>
    <interval begin="630.00" end="660.00" id="e1det_3:1_0" nVehContrib="4" flow="480.00" occupancy="13.46" speed="5.95" length="5.00" nVehEntered="6"/>
    <interval begin="630.00" end="660.00" id="e1det_3:1_1" nVehContrib="3" flow="360.00" occupancy="11.60" speed="4.82" length="5.00" nVehEntered="3"/>
    <interval begin="630.00" end="660.00" id="e1det_5:1_0" nVehContrib="4" flow="480.00" occupancy="20.94" speed="5.97" length="5.00" nVehEntered="4"/>
    <interval begin="660.00" end="690.00" id="e1det_0:1_0" nVehContrib="6" flow="720.00" occupancy="18.18" speed="5.83" length="5.00" nVehEntered="6"/>
    <interval begin="660.00" end="690.00" id="e1det_0:1_1" nVehContrib="4" flow="480.00" occupancy="37.18" speed="4.45" length="5.00" nVehEntered="4"/>
    <interval begin="660.00" end="690.00" id="e1det_3:1_0" nVehContrib="5" flow="600.00" occupancy="13.93" speed="7.86" length="5.00" nVehEntered="5"/>
    <interval begin="660.00" end="690.00" id="e1det_3:1_1" nVehContrib="1" flow="120.00" occupancy="2.18" speed="7.65" length="5.00" nVehEntered="1"/>
    <interval begin="660.00" end="690.00" id="e1det_5:1_0" nVehContrib="3" flow="360.00" occupancy="36.21" speed="5.04" length="5.00" nVehEntered="3"/>
    <interval begin="690.00" end="720.00" id="e1det_0:1_0" nVehContrib="2" flow="240.00" occupancy="59.48" speed="0.60" length="5.00" nVehEntered="3"/>
    <interval begin="690.00" end="720.00" id="e1det_0:1_1" nVehContrib="4" flow="480.00" occupancy="52.56" speed="4.18" length="5.00" nVehEntered="4"/>
    <interval begin="690.00" end="720.00" id="e1det_3:1_0" nVehContrib="4" flow="480.00" occupancy="9.73" speed="8.55" length="5.00" nVehEntered="5"/>
    <interval begin="690.00" end="720.00" id="e1det_3:1_1" nVehContrib="0" flow="0.00" occupancy="0.00" speed="-1.00" length="-1.00" nVehEntered="0"/>
    <interval begin="690.00" end="720.00" id="e1det_5:1_0" nVehContrib="6" flow="720.00" occupancy="52.65" speed="3.58" length="5.00" nVehEntered="7"/>
    <interval begin="720.00" end="750.00" id="e1det_0:1_0" nVehContrib="3" flow="360.00" occupancy="43.67" speed="2.73" length="5.00" nVehEntered="4"/>
    <interval begin="720.00" end="750.00" id="e1det_0:1_1" nVehContrib="5" flow="600.00" occupancy="38.27" speed="5.73" length="5.00" nVehEntered="6"/>
    <interval begin="720.00" end="750.00" id="e1det_3:1_0" nVehContrib="7" flow="840.00" occupancy="12.02" speed="9.61" length="5.00" nVehEntered="6"/>
    <interval begin="720.00" end="750.00" id="e1det_3:1_1" nVehContrib="1" flow="120.00" occupancy="1.82" speed="9.14" length="5.00" nVehEntered="1"/>
    <interval begin="720.00" end="750.00" id="e1det_5:1_0" nVehContrib="6" flow="720.00" occupancy="15.59" speed="6.79" length="5.00" nVehEntered="5"/>
    <interval begin="750.00" end="780.00" id="e1det_0:1_0" nVehContrib="1" flow="120.00" occupancy="2.54" speed="6.56" length="5.00" nVehEntered="1"/>
    <interval begin="750.00" end="780.00" id="e1det_0:1_1" nVehContrib="1" flow="120.00" occupancy="2.31" speed="7.20" length="5.00" nVehEntered="1"/>
    <interval begin="750.00" end="780.00" id="e1det_3:1_0" nVehContrib="5" flow="600.00" occupancy="22.53" speed="8.16" length="5.00" nVehEntered="5"/>
    <interval begin="750.00" end="780.00" id="e1det_3:1_1" nVehContrib="4" flow="480.00" occupancy="9.25" speed="7.42" length="5.00" nVehEntered="4"/>
    <interval begin="750.00" end="780.00" id="e1det_5:1_0" nVehContrib="3" flow="360.00" occupancy="7.93" speed="6.39" length="5.00" nVehEntered="3"/>
    <interval begin="780.00" end="810.00" id="e1det_0:1_0" nVehContrib="3" flow="360.00" occupancy="5.43" speed="13.30" length="5.00" nVehEntered="4"/>
    <interval begin="780.00" end="810.00" id="e1det_0:1_1" nVehContrib="2" flow="240.00" occupancy="4.27" speed="7.96" length="5.00" nVehEntered="2"/>
    <interval begin="780.00" end="810.00" id="e1det_3:1_0" nVehContrib="5" flow="600.00" occupancy="11.20" speed="9.41" length="5.00" nVehEntered="5"/>
    <interval begin="780.00" end="810.00" id="e1det_3:1_1" nVehContrib="1" flow="120.00" occupancy="1.29" speed="12.94" length="5.00" nVehEntered="1"/>
    <interval begin="780.00" end="810.00" id="e1det_5:1_0" nVehContrib="2" flow="240.00" occupancy="7.69" speed="6.01" length="5.00" nVehEntered="3"/>
    <interval begin="810.00" end="840.00" id="e1det_0:1_0" nVehContrib="3" flow="360.00" occupancy="3.97" speed="8.98" length="5.00" nVehEntered="2"/>
    <interval begin="810.00" end="840.00" id="e1det_0:1_1" nVehContrib="2" flow="240.00" occupancy="3.84" speed="9.90" length="5.00" nVehEntered="2"/>
    <interval begin="810.00" end="840.00" id="e1det_3:1_0" nVehContrib="6" flow="720.00" occupancy="10.90" speed="10.55" length="5.00" nVehEntered="7"/>
    <interval begin="810.00" end="840.00" id="e1det_3:1_1" nVehContrib="2" flow="240.00" occupancy="3.71" speed="9.04" length="5.00" nVehEntered="2"/>
    <interval begin="810.00" end="840.00" id="e1det_5:1_0" nVehContrib="4" flow="480.00" occupancy="15.07" speed="6.85" length="5.00" nVehEntered="4"/>
    <interval begin="840.00" end="870.00" id="e1det_0:1_0" nVehContrib="5" flow="600.00" occupancy="30.25" speed="7.79" length="5.00" nVehEntered="5"/>
    <interval begin="840.00" end="870.00" id="e1det_0:1_1" nVehContrib="2" flow="240.00" occupancy="5.12" speed="6.52" length="5.00" nVehEntered="2"/>
    <interval begin="840.00" end="870.00" id="e1det_3:1_0" nVehContrib="7" flow="840.00" occupancy="15.04" speed="7.90" length="5.00" nVehEntered="8"/>
    <interval begin="840.00" end="870.00" id="e1det_3:1_1" nVehContrib="3" flow="360.00" occupancy="14.90" speed="6.03" length="5.00" nVehEntered="3"/>
    <interval begin="840.00" end="870.00" id="e1det_5:1_0" nVehContrib="5" flow="600.00" occupancy="52.59" speed="1.73" length="5.00" nVehEntered="5"/>
    <interval begin="870.00" end="900.00" id="e1det_0:1_0" nVehContrib="5" flow="600.00" occupancy="7.66" speed="11.90" length="5.00" nVehEntered="5"/>
    <interval begin="870.00" end="900.00" id="e1det_0:1_1" nVehContrib="2" flow="240.00" occupancy="3.68" speed="9.98" length="5.00" nVehEntered="2"/>
    <interval begin="870.00" end="900.00" id="e1det_3:1_0" nVehContrib="8" flow="960.00" occupancy="12.90" speed="11.05" length="5.00" nVehEntered="8"/>
    <interval begin="870.00" end="900.00" id="e1det_3:1_1" nVehContrib="2" flow="240.00" occupancy="3.83" speed="9.67" length="5.00" nVehEntered="2"/>
    <interval begin="870.00" end="900.00" id="e1det_5:1_0" nVehContrib="3" flow="360.00" occupancy="13.74" speed="4.62" length="5.00" nVehEntered="3"/>
    <interval begin="900.00" end="930.00" id="e1det_0:1_0" nVehContrib="5" flow="600.00" occupancy="15.07" speed="8.32" length="5.00" nVehEntered="5"/>
    <interval begin="900.00" end="930.00" id="e1det_0:1_1" nVehContrib="4" flow="480.00" occupancy="11.73" speed="7.60" length="5.00" nVehEntered="5"/>
    <interval begin="900.00" end="930.00" id="e1det_3:1_0" nVehContrib="1" flow="120.00" occupancy="2.32" speed="7.17" length="5.00" nVehEntered="1"/>
    <interval begin="900.00" end="930.00" id="e1det_3:1_1" nVehContrib="1" flow="120.00" occupancy="2.67" speed="6.24" length="5.00" nVehEntered="1"/>
    <interval begin="900.00" end="930.00" id="e1det_5:1_0" nVehContrib="2" flow="240.00" occupancy="10.85" speed="4.81" length="5.00" nVehEntered="2"/>
    <interval begin="930.00" end="960.00" id="e1det_0:1_0" nVehContrib="5" flow="600.00" occupancy="44.82" speed="5.41" length="5.00" nVehEntered="6"/>
    <interval begin="930.00" end="960.00" id="e1det_0:1_1" nVehContrib="4" flow="480.00" occupancy="50.31" speed="2.34" length="5.00" nVehEntered="3"/>
    <interval begin="930.00" end="960.00" id="e1det_3:1_0" nVehContrib="6" flow="720.00" occupancy="17.63" speed="6.75" length="5.00" nVehEntered="6"/>
    <interval begin="930.00" end="960.00" id="e1det_3:1_1" nVehContrib="5" flow="600.00" occupancy="9.83" speed="9.33" length="5.00" nVehEntered="5"/>
    <interval begin="930.00" end="960.00" id="e1det_5:1_0" nVehContrib="3" flow="360.00" occupancy="6.86" speed="8.01" length="5.00" nVehEntered="3"/>
    <interval begin="960.00" end="990.00" id="e1det_0:1_0" nVehContrib="4" flow="480.00" occupancy="35.55" speed="5.20" length="5.00" nVehEntered="4"/>
    <interval begin="960.00" end="990.00" id="e1det_0:1_1" nVehContrib="5" flow="600.00" occupancy="28.30" speed="6.43" length="5.00" nVehEntered="5"/>
    <interval begin="960.00" end="990.00" id="e1det_3:1_0" nVehContrib="5" flow="600.00" occupancy="8.64" speed="10.54" length="5.00" nVehEntered="5"/>
    <interval begin="960.00" end="990.00" id="e1det_3:1_1" nVehContrib="3" flow="360.00" occupancy="6.42" speed="8.10" length="5.00" nVehEntered="3"/>
    <interval begin="960.00" end="990.00" id="e1det_5:1_0" nVehContrib="6" flow="720.00" occupancy="14.10" speed="8.38" length="5.00" nVehEntered="6"/>
    <interval begin="990.00" end="1020.00" id="e1det_0:1_0" nVehContrib="2" flow="240.00" occupancy="9.61" speed="3.78" length="5.00" nVehEntered="4"/>
    <interval begin="990.00" end="1020.00" id="e1det_0:1_1" nVehContrib="7" flow="840.00" occupancy="19.68" speed="8.35" length="5.00" nVehEntered="7"/>
    <interval begin="990.00" end="1020.00" id="e1det_3:1_0" nVehContrib="4" flow="480.00" occupancy="8.28" speed="8.96" length="5.00" nVehEntered="4"/>
    <interval begin="990.00" end="1020.00" id="e1det_3:1_1" nVehContrib="0" flow="0.00" occupancy="0.00" speed="-1.00" length="-1.00" nVehEntered="0"/>
    <interval begin="990.00" end="1020.00" id="e1det_5:1_0" nVehContrib="4" flow="480.00" occupancy="9.07" speed="8.22" length="5.00" nVehEntered="4"/>
    <interval begin="1020.00" end="1047.00" id="e1det_0:1_0" nVehContrib="6" flow="800.00" occupancy="8.99" speed="11.72" length="5.00" nVehEntered="5"/>
    <interval begin="1020.00" end="1047.00" id="e1det_0:1_1" nVehContrib="3" flow="400.00" occupancy="8.18" speed="9.75" length="5.00" nVehEntered="3"/>
    <interval begin="1020.00" end="1047.00" id="e1det_3:1_0" nVehContrib="3" flow="400.00" occupancy="7.54" speed="8.48" length="5.00" nVehEntered="3"/>
    <interval begin="1020.00" end="1047.00" id="e1det_3:1_1" nVehContrib="1" flow="133.33" occupancy="1.35" speed="13.76" length="5.00" nVehEntered="1"/>
    <interval begin="1020.00" end="1047.00" id="e1det_5:1_0" nVehContrib="5" flow="666.67" occupancy="52.26" speed="2.46" length="5.00" nVehEntered="5"/>
</detector>
