<?xml version="1.0" encoding="UTF-8"?>

<!-- generated on Sex 24 Nov 2017 16:43:16 -02 by SUMO gui Version 0.30.0
<?xml version="1.0" encoding="UTF-8"?>

<configuration xmlns:xsi="http://www.w3.org/2001/XMLSchema-instance" xsi:noNamespaceSchemaLocation="http://sumo.dlr.de/xsd/sumoConfiguration.xsd">

    <input>
        <net-file value="sumo/simpleT/simpleT.net.xml"/>
        <route-files value="sumo/simpleT/simpleT.rou.xml"/>
        <additional-files value="sumo/simpleT/simpleT.add.xml"/>
    </input>

    <output>
        <summary-output value="sumo/simpleT/simpleT.out.xml"/>
    </output>

    <report>
        <verbose value="true"/>
        <duration-log.statistics value="true"/>
        <no-step-log value="true"/>
    </report>

    <traci_server>
        <remote-port value="5001"/>
    </traci_server>

    <gui_only>
        <gui-settings-file value="sumo/simpleT/simpleT.gui.xml"/>
        <game value="true"/>
        <start value="true"/>
    </gui_only>

</configuration>
-->

<summary xmlns:xsi="http://www.w3.org/2001/XMLSchema-instance" xsi:noNamespaceSchemaLocation="http://sumo.dlr.de/xsd/summary_file.xsd">
    <step time="0.00" loaded="2" inserted="1" running="1" waiting="0" ended="0" meanWaitingTime="0.00" meanTravelTime="-1.00" duration="1511549003534"/>
    <step time="1.00" loaded="2" inserted="2" running="2" waiting="0" ended="0" meanWaitingTime="0.00" meanTravelTime="-1.00" duration="1511549003735"/>
    <step time="2.00" loaded="142" inserted="3" running="3" waiting="0" ended="0" meanWaitingTime="0.00" meanTravelTime="-1.00" duration="1511549003936"/>
    <step time="3.00" loaded="142" inserted="4" running="4" waiting="0" ended="0" meanWaitingTime="0.00" meanTravelTime="-1.00" duration="1511549004166"/>
    <step time="4.00" loaded="142" inserted="4" running="4" waiting="1" ended="0" meanWaitingTime="0.00" meanTravelTime="-1.00" duration="1511549004368"/>
    <step time="5.00" loaded="142" inserted="6" running="6" waiting="0" ended="0" meanWaitingTime="0.17" meanTravelTime="-1.00" duration="1511549004568"/>
    <step time="6.00" loaded="142" inserted="6" running="6" waiting="0" ended="0" meanWaitingTime="0.17" meanTravelTime="-1.00" duration="1511549004769"/>
    <step time="7.00" loaded="142" inserted="6" running="6" waiting="1" ended="0" meanWaitingTime="0.17" meanTravelTime="-1.00" duration="1511549004970"/>
    <step time="8.00" loaded="142" inserted="7" running="7" waiting="0" ended="0" meanWaitingTime="0.29" meanTravelTime="-1.00" duration="1511549005172"/>
    <step time="9.00" loaded="142" inserted="9" running="9" waiting="0" ended="0" meanWaitingTime="0.22" meanTravelTime="-1.00" duration="1511549005373"/>
    <step time="10.00" loaded="142" inserted="9" running="9" waiting="1" ended="0" meanWaitingTime="0.22" meanTravelTime="-1.00" duration="1511549005573"/>
    <step time="11.00" loaded="142" inserted="9" running="9" waiting="1" ended="0" meanWaitingTime="0.22" meanTravelTime="-1.00" duration="1511549005774"/>
    <step time="12.00" loaded="142" inserted="10" running="10" waiting="0" ended="0" meanWaitingTime="0.40" meanTravelTime="-1.00" duration="1511549005975"/>
    <step time="13.00" loaded="142" inserted="11" running="11" waiting="0" ended="0" meanWaitingTime="0.36" meanTravelTime="-1.00" duration="1511549006175"/>
    <step time="14.00" loaded="142" inserted="11" running="11" waiting="1" ended="0" meanWaitingTime="0.36" meanTravelTime="-1.00" duration="1511549006376"/>
    <step time="15.00" loaded="142" inserted="12" running="12" waiting="1" ended="0" meanWaitingTime="0.42" meanTravelTime="-1.00" duration="1511549006577"/>
    <step time="16.00" loaded="142" inserted="13" running="13" waiting="1" ended="0" meanWaitingTime="0.38" meanTravelTime="-1.00" duration="1511549006778"/>
    <step time="17.00" loaded="142" inserted="13" running="13" waiting="2" ended="0" meanWaitingTime="0.38" meanTravelTime="-1.00" duration="1511549006978"/>
    <step time="18.00" loaded="142" inserted="15" running="14" waiting="2" ended="1" meanWaitingTime="0.53" meanTravelTime="18.00" duration="1511549007179"/>
    <step time="19.00" loaded="142" inserted="16" running="15" waiting="2" ended="1" meanWaitingTime="0.62" meanTravelTime="18.00" duration="1511549007380"/>
    <step time="20.00" loaded="142" inserted="16" running="14" waiting="2" ended="2" meanWaitingTime="0.62" meanTravelTime="18.00" duration="1511549007581"/>
    <step time="21.00" loaded="142" inserted="16" running="14" waiting="3" ended="2" meanWaitingTime="0.62" meanTravelTime="18.00" duration="1511549007782"/>
    <step time="22.00" loaded="142" inserted="17" running="15" waiting="2" ended="2" meanWaitingTime="0.82" meanTravelTime="18.00" duration="1511549007983"/>
    <step time="23.00" loaded="142" inserted="17" running="14" waiting="3" ended="3" meanWaitingTime="0.82" meanTravelTime="18.00" duration="1511549008183"/>
    <step time="24.00" loaded="142" inserted="18" running="14" waiting="3" ended="4" meanWaitingTime="1.06" meanTravelTime="17.50" duration="1511549008384"/>
    <step time="25.00" loaded="142" inserted="20" running="16" waiting="3" ended="4" meanWaitingTime="0.95" meanTravelTime="17.50" duration="1511549008585"/>
    <step time="26.00" loaded="142" inserted="20" running="15" waiting="4" ended="5" meanWaitingTime="0.95" meanTravelTime="17.40" duration="1511549008786"/>
    <step time="27.00" loaded="142" inserted="22" running="16" waiting="3" ended="6" meanWaitingTime="1.14" meanTravelTime="17.50" duration="1511549008987"/>
    <step time="28.00" loaded="142" inserted="24" running="18" waiting="2" ended="6" meanWaitingTime="1.12" meanTravelTime="17.50" duration="1511549009188"/>
    <step time="29.00" loaded="142" inserted="25" running="19" waiting="2" ended="6" meanWaitingTime="1.08" meanTravelTime="17.50" duration="1511549009389"/>
    <step time="30.00" loaded="142" inserted="26" running="20" waiting="2" ended="6" meanWaitingTime="1.31" meanTravelTime="17.50" duration="1511549009591"/>
    <step time="31.00" loaded="142" inserted="26" running="20" waiting="2" ended="6" meanWaitingTime="1.31" meanTravelTime="17.50" duration="1511549009791"/>
    <step time="32.00" loaded="142" inserted="28" running="22" waiting="1" ended="6" meanWaitingTime="1.29" meanTravelTime="17.50" duration="1511549009992"/>
    <step time="33.00" loaded="142" inserted="29" running="23" waiting="1" ended="6" meanWaitingTime="1.55" meanTravelTime="17.50" duration="1511549010193"/>
    <step time="34.00" loaded="142" inserted="29" running="23" waiting="1" ended="6" meanWaitingTime="1.55" meanTravelTime="17.50" duration="1511549010393"/>
    <step time="35.00" loaded="142" inserted="30" running="24" waiting="2" ended="6" meanWaitingTime="1.57" meanTravelTime="17.50" duration="1511549010594"/>
    <step time="36.00" loaded="142" inserted="31" running="24" waiting="1" ended="7" meanWaitingTime="1.55" meanTravelTime="20.00" duration="1511549010794"/>
    <step time="37.00" loaded="142" inserted="31" running="22" waiting="1" ended="9" meanWaitingTime="1.55" meanTravelTime="21.22" duration="1511549010995"/>
    <step time="38.00" loaded="142" inserted="31" running="22" waiting="1" ended="9" meanWaitingTime="1.55" meanTravelTime="21.22" duration="1511549011197"/>
    <step time="39.00" loaded="142" inserted="32" running="23" waiting="0" ended="9" meanWaitingTime="1.62" meanTravelTime="21.22" duration="1511549011397"/>
    <step time="40.00" loaded="142" inserted="33" running="24" waiting="0" ended="9" meanWaitingTime="1.58" meanTravelTime="21.22" duration="1511549011598"/>
    <step time="41.00" loaded="142" inserted="34" running="25" waiting="0" ended="9" meanWaitingTime="1.53" meanTravelTime="21.22" duration="1511549011800"/>
    <step time="42.00" loaded="142" inserted="35" running="26" waiting="1" ended="9" meanWaitingTime="1.49" meanTravelTime="21.22" duration="1511549012001"/>
    <step time="43.00" loaded="142" inserted="36" running="27" waiting="1" ended="9" meanWaitingTime="1.47" meanTravelTime="21.22" duration="1511549012202"/>
    <step time="44.00" loaded="142" inserted="36" running="26" waiting="3" ended="10" meanWaitingTime="1.47" meanTravelTime="22.30" duration="1511549012403"/>
    <step time="45.00" loaded="142" inserted="37" running="27" waiting="2" ended="10" meanWaitingTime="1.49" meanTravelTime="22.30" duration="1511549012604"/>
    <step time="46.00" loaded="142" inserted="38" running="28" waiting="1" ended="10" meanWaitingTime="1.50" meanTravelTime="22.30" duration="1511549012805"/>
    <step time="47.00" loaded="142" inserted="38" running="28" waiting="2" ended="10" meanWaitingTime="1.50" meanTravelTime="22.30" duration="1511549013005"/>
    <step time="48.00" loaded="142" inserted="40" running="29" waiting="0" ended="11" meanWaitingTime="1.55" meanTravelTime="22.00" duration="1511549013206"/>
    <step time="49.00" loaded="142" inserted="41" running="29" waiting="0" ended="12" meanWaitingTime="1.51" meanTravelTime="22.92" duration="1511549013407"/>
    <step time="50.00" loaded="142" inserted="41" running="28" waiting="0" ended="13" meanWaitingTime="1.51" meanTravelTime="23.85" duration="1511549013608"/>
    <step time="51.00" loaded="142" inserted="42" running="29" waiting="1" ended="13" meanWaitingTime="1.48" meanTravelTime="23.85" duration="1511549013809"/>
</summary>
