<viewsettings>
    <scheme name="car">
        <vehicles vehicleMode="0" vehicleQuality="2" vehicle_minSize="1.00" vehicle_exaggeration="1.00" vehicle_constantSize="0" showBlinker="1"
                  vehicleName_show="0" vehicleName_size="50.00" vehicleName_color="204,153,0">
            <colorScheme name="given vehicle/type/route color">
                <entry color="yellow"/>
            </colorScheme>
        </vehicles>
    <viewport zoom="177.54" x="215.24" y="177.18"/>
    <delay value="200.00"/>
</viewsettings>
